
=== GEN 0 DATASET_STATS 2026-10-04T19:33:13.570743 ===
[load] data/UWTempo/ver0/testing
[stats] samples=17816
[stats] unique active raw feature indices =17176
[stats] unique active feature indices after local ignore =3865
[stats] aggregated samples=17816 (pA=5192, pB=0, t=1526, b=1055)

Top 50 most occurring feature indices:
  1. idx=25201625    count=17816
  2. idx=1023802222  count=17815
  3. idx=257076150   count=17814
  4. idx=1016689544  count=17814
  5. idx=108386533   count=17811
  6. idx=1553864449  count=17805
  7. idx=1832526253  count=17805
  8. idx=452859805   count=17802
  9. idx=562810265   count=17799
 10. idx=1986511081  count=17799
 11. idx=1703333636  count=17797
 12. idx=1853908098  count=17794
 13. idx=25239348    count=17780
 14. idx=1845719655  count=17778
 15. idx=1145700954  count=17776
 16. idx=92985130    count=17775
 17. idx=712632841   count=17772
 18. idx=24486564    count=17769
 19. idx=1083634318  count=17769
 20. idx=1226690635  count=17764
 21. idx=897048270   count=17763
 22. idx=488893574   count=17758
 23. idx=2128751372  count=17758
 24. idx=1228814512  count=17757
 25. idx=1408436390  count=17756
 26. idx=969788457   count=17753
 27. idx=2023454093  count=17750
 28. idx=1716680109  count=17740
 29. idx=1569162904  count=17725
 30. idx=709654877   count=17715
 31. idx=1190719792  count=17695
 32. idx=1403637108  count=17691
 33. idx=509171120   count=17677
 34. idx=1065650504  count=17657
 35. idx=1492725111  count=17655
 36. idx=158531961   count=17647
 37. idx=872579612   count=17644
 38. idx=292685944   count=17637
 39. idx=327593765   count=17626
 40. idx=993238424   count=17619
 41. idx=280477302   count=17583
 42. idx=1922672219  count=17580
 43. idx=508037855   count=17569
 44. idx=20006855    count=17568
 45. idx=1434068601  count=17568
 46. idx=689970337   count=17565
 47. idx=1130476223  count=17559
 48. idx=1220955862  count=17534
 49. idx=812282718   count=17519
 50. idx=76335835    count=17516

=== Preview ===
State[0]: 4677551 8930596 10433697 11960676 14175082 19028764 20006855 23435764 24486564 25201625 25239348 28590183 37796870 40113192 40798786 42640327 43671368 51119654 52454277 57598381 60066325 62206675 62427102 65341046 68275180 71087285 72819559 73611033 76335835 82973834 85157040 88758587 89567131 92985130 95054430 97756486 97934105 103276648 104045198 108386533 109017259 110664141 116517060 118642407 120556900 121807023 129788275 138257344 142689893 144718109 147793759 149738494 151196389 152235937 153257643 158001544 158114270 158531961 160959159 162483559 163366261 164734693 170490722 171605025 178786751 179063798 181047381 192941518 193993319 197844240 202317186 219399088 222450333 223868460 229943493 232551538 232916052 235903079 240409359 246348888 249448446 252948893 253684086 257076150 261136033 264587774 269604735 270554587 270793705 280432090 280477302 281948109 292017062 292399759 292685944 293370124 ...
  actionType=5 isPlayer=True  value=-0.4110
  policy[:16]=[42.0, 51.0, 0.0, 0.0, 0.0, 0.0, 0.0, 0.0, 0.0, 0.0, 0.0, 0.0, 0.0, 0.0, 0.0, 0.0]

State[1]: 8930596 10433697 11960676 19028764 20006855 23435764 24486564 25201625 25239348 28590183 37796870 40113192 40798786 42640327 43671368 51119654 52454277 57598381 62206675 62427102 65341046 68275180 71087285 72819559 76335835 82973834 85157040 88758587 89567131 92985130 95054430 97756486 97934105 103276648 104045198 108386533 109017259 110664141 116517060 118642407 120556900 121807023 129788275 138257344 142689893 144718109 145373257 147793759 149738494 151196389 153257643 158001544 158114270 158531961 160959159 162483559 163366261 164734693 170490722 171605025 179063798 192941518 193993319 197844240 202317186 206305273 219399088 222450333 223868460 229943493 232551538 232916052 240409359 249448446 252948893 253684086 257076150 261136033 264587774 269604735 270554587 270793705 280432090 280477302 281948109 286679904 292017062 292399759 292685944 293370124 296505172 298267322 299482351 318978810 319489332 320663176 ...
  actionType=0 isPlayer=True  value=-0.4327
  policy[:16]=[96.0, 0.0, 0.0, 0.0, 0.0, 0.0, 0.0, 0.0, 0.0, 0.0, 0.0, 0.0, 0.0, 0.0, 0.0, 0.0]

State[2]: 7081581 7454729 8930596 10433697 11960676 19028764 20006855 23435764 24486564 25201625 25239348 28590183 37796870 40798786 42640327 43671368 51119654 52454277 57598381 62206675 62427102 65341046 68275180 71087285 72819559 76335835 82973834 85157040 88758587 89567131 92985130 95054430 97756486 97934105 103276648 108386533 109017259 110664141 113172509 116517060 120556900 121807023 122852865 127144099 129788275 138257344 142689893 143943888 144718109 145373257 147793759 149738494 151196389 153257643 158001544 158114270 158531961 160959159 162483559 163366261 164734693 168430835 170490722 171605025 179063798 188963635 192941518 193993319 197844240 202317186 206305273 219399088 223868460 229943493 232551538 232916052 240409359 249448446 252948893 253684086 257076150 257862873 261136033 264587774 269604735 270554587 270793705 277435280 280477302 281948109 286679904 292017062 292399759 292685944 292986282 293370124 ...
  actionType=0 isPlayer=True  value=-0.4531
  policy[:16]=[65.0, 0.0, 0.0, 0.0, 0.0, 0.0, 0.0, 0.0, 0.0, 0.0, 0.0, 0.0, 0.0, 0.0, 0.0, 0.0]

State[3]: 7081581 7454729 8930596 10433697 11960676 19028764 20006855 23435764 24486564 25201625 25239348 28590183 37796870 40798786 42640327 43671368 51119654 52454277 57598381 62206675 62427102 65341046 68275180 71087285 72819559 76335835 82973834 85157040 88758587 89567131 92985130 95054430 97756486 97934105 103276648 108386533 109017259 110664141 113172509 116517060 120556900 121807023 122852865 127144099 129788275 138257344 142689893 143943888 144718109 145373257 147793759 149738494 151196389 153257643 158001544 158114270 158531961 160959159 162483559 163366261 164734693 168430835 170490722 171605025 179063798 188963635 192941518 193993319 197844240 202317186 206305273 219399088 223868460 229943493 232551538 232916052 240409359 249448446 252948893 253684086 257076150 257862873 261136033 264587774 269604735 270554587 270793705 277435280 280477302 281948109 286679904 292017062 292399759 292685944 292986282 293370124 ...
  actionType=0 isPlayer=True  value=-0.4722
  policy[:16]=[127.0, 0.0, 0.0, 0.0, 0.0, 0.0, 0.0, 0.0, 0.0, 0.0, 0.0, 0.0, 0.0, 0.0, 0.0, 0.0]

State[4]: 7081581 7454729 8930596 10433697 11960676 19028764 20006855 23435764 24486564 25201625 25239348 28590183 37796870 40495438 40798786 42640327 43671368 51119654 52454277 57598381 62206675 62427102 65341046 68275180 71087285 72819559 76335835 82973834 85157040 88758587 89567131 92985130 95054430 97756486 97934105 103276648 108386533 109017259 110664141 113172509 116517060 120556900 121807023 122852865 127144099 129788275 138257344 142689893 143943888 144718109 145373257 147793759 149738494 151196389 153257643 158001544 158114270 158531961 160959159 162483559 163366261 164734693 168430835 170490722 171605025 179063798 186427659 188963635 192941518 193993319 197844240 202317186 206305273 214780282 219399088 223868460 229943493 232551538 232916052 240409359 249448446 252948893 253684086 257076150 257862873 261136033 264587774 269604735 270554587 270793705 271337521 277435280 280477302 281948109 286679904 292017062 ...
  actionType=0 isPlayer=True  value=-0.4918
  policy[:16]=[28.0, 75.0, 0.0, 0.0, 0.0, 0.0, 0.0, 0.0, 0.0, 0.0, 0.0, 0.0, 0.0, 0.0, 0.0, 0.0]

State[5]: 7081581 7454729 8930596 10433697 11960676 19028764 20006855 23435764 24486564 25201625 25239348 28590183 37796870 40798786 42640327 43671368 51119654 52454277 57598381 62206675 62427102 65341046 68275180 71087285 72819559 76335835 82973834 85157040 88758587 89567131 92985130 95054430 97756486 97934105 103276648 108386533 109017259 110664141 113172509 116517060 120556900 121807023 122852865 127144099 129788275 138257344 142689893 143943888 144718109 145373257 147793759 149738494 151196389 153257643 158001544 158114270 158531961 160959159 162483559 163366261 164734693 168430835 170490722 171605025 179063798 188963635 192941518 193993319 197844240 202317186 206305273 214780282 219399088 223868460 229943493 232551538 232916052 240409359 249448446 252948893 253684086 257076150 257862873 261136033 264587774 269604735 270554587 270793705 271337521 277435280 280477302 281948109 286679904 292017062 292399759 292685944 ...
  actionType=0 isPlayer=True  value=-0.5115
  policy[:16]=[88.0, 0.0, 0.0, 0.0, 0.0, 0.0, 0.0, 0.0, 0.0, 0.0, 0.0, 0.0, 0.0, 0.0, 0.0, 0.0]

State[6]: 7081581 7454729 8930596 10433697 11960676 19028764 20006855 23435764 24486564 25201625 25239348 28590183 37796870 40798786 42640327 43671368 51119654 52454277 57598381 62206675 62427102 65341046 68275180 71087285 72819559 76335835 82973834 85157040 88758587 89567131 92985130 95054430 97756486 97934105 103276648 108386533 109017259 110664141 113172509 116517060 120556900 121807023 122852865 127144099 129788275 138257344 142689893 143943888 144718109 145373257 147793759 149738494 151196389 153257643 158001544 158114270 158531961 160959159 162483559 163366261 164734693 168430835 170490722 171605025 179063798 188963635 192941518 193993319 197844240 202317186 206305273 214780282 219399088 223868460 229943493 232551538 232916052 240409359 249448446 252948893 253684086 257076150 257862873 261136033 264587774 269604735 270554587 270793705 271337521 277435280 280477302 281948109 286679904 292017062 292399759 292685944 ...
  actionType=0 isPlayer=True  value=-0.5265
  policy[:16]=[161.0, 0.0, 0.0, 0.0, 0.0, 0.0, 0.0, 0.0, 0.0, 0.0, 0.0, 0.0, 0.0, 0.0, 0.0, 0.0]

State[7]: 7081581 7454729 8930596 10433697 11960676 19028764 20006855 23435764 24486564 25201625 25239348 28590183 37796870 40495438 40798786 42640327 43671368 51119654 52454277 57598381 62206675 62427102 65341046 68275180 71087285 72819559 76335835 82973834 85157040 88758587 89567131 92985130 95054430 97756486 97934105 103276648 108386533 109017259 110664141 113172509 116517060 120556900 121807023 122852865 127144099 129788275 138257344 142689893 143943888 144718109 145373257 147793759 149738494 151196389 153257643 158001544 158114270 158531961 160959159 162483559 163366261 164734693 168430835 170490722 171605025 179063798 186427659 188963635 192941518 193993319 197844240 202317186 206305273 214780282 219399088 223868460 229943493 232551538 232916052 240409359 249448446 252948893 253684086 257076150 257862873 261136033 264587774 269604735 270554587 270793705 271337521 277435280 280477302 281948109 286679904 292017062 ...
  actionType=0 isPlayer=True  value=-0.5406
  policy[:16]=[237.0, 0.0, 0.0, 0.0, 0.0, 0.0, 0.0, 0.0, 0.0, 0.0, 0.0, 0.0, 0.0, 0.0, 0.0, 0.0]

State[8]: 7081581 7454729 8930596 10433697 11960676 19028764 20006855 23435764 24486564 25201625 25239348 28590183 37796870 40798786 42640327 43671368 51119654 52454277 57598381 62206675 62427102 65341046 68275180 71087285 72819559 76335835 82973834 85157040 88758587 89567131 92985130 95054430 97756486 97934105 103276648 108386533 109017259 110664141 113172509 116517060 120556900 121807023 122852865 127144099 129788275 138257344 142689893 143943888 144718109 145373257 147793759 149738494 151196389 153257643 158001544 158114270 158531961 160959159 162483559 163366261 164734693 168430835 170490722 171605025 179063798 188963635 192941518 193993319 197844240 202317186 206305273 214780282 219399088 223868460 229943493 232551538 232916052 240409359 249448446 252948893 253684086 257076150 257862873 261136033 264587774 269604735 270554587 270793705 271337521 277435280 280477302 281948109 286679904 292017062 292399759 292685944 ...
  actionType=3 isPlayer=True  value=-0.5537
  policy[:16]=[0.0, 0.0, 0.0, 0.0, 0.0, 50.0, 0.0, 0.0, 0.0, 0.0, 0.0, 51.0, 0.0, 0.0, 0.0, 0.0]

State[9]: 4435389 7081581 7454729 8930596 10433697 11960676 19028764 20006855 23435764 24486564 25201625 25239348 28590183 37796870 40798786 43671368 43713307 47942780 51119654 51133110 52454277 57598381 62427102 65341046 68275180 71087285 72819559 76335835 77433797 77691219 82973834 85157040 88758587 89567131 90253475 91529370 92985130 95054430 97756486 97934105 103276648 108192128 108386533 109017259 110664141 113172509 116517060 120521292 120556900 121807023 122285627 122852865 127144099 138257344 143943888 144718109 147793759 149738494 150277513 151196389 151605350 153257643 158001544 158114270 158531961 160959159 162483559 163366261 164734693 167639695 168430835 170490722 171605025 179063798 188963635 189022821 192941518 193993319 197844240 202317186 204431704 205141394 214780282 219399088 222680835 223868460 226569002 229943493 232551538 232916052 238250515 240409359 249448446 252948893 253684086 257076150 ...
  actionType=0 isPlayer=True  value=-0.5669
  policy[:16]=[34.0, 0.0, 0.0, 0.0, 0.0, 0.0, 0.0, 0.0, 0.0, 0.0, 0.0, 0.0, 0.0, 0.0, 0.0, 0.0]

State[10]: 4435389 7081581 7454729 8930596 10433697 11960676 19028764 20006855 23435764 24486564 25201625 25239348 28590183 37796870 40798786 43671368 43713307 47942780 51119654 51133110 52454277 57598381 62427102 65341046 68275180 71087285 72819559 76335835 77433797 77691219 82973834 85157040 88758587 89567131 90253475 91529370 92985130 95054430 97756486 97934105 103276648 108192128 108386533 109017259 110664141 113172509 116517060 120521292 120556900 121807023 122285627 122852865 127144099 138257344 143943888 144718109 147793759 149738494 150277513 151196389 151605350 153257643 158001544 158114270 158531961 160959159 162483559 163366261 164734693 167639695 168430835 170490722 171605025 179063798 188963635 189022821 192941518 193993319 197844240 202317186 205141394 214780282 219399088 222680835 223868460 226569002 229943493 232551538 232916052 238250515 240409359 249448446 252948893 253684086 257076150 257862873 ...
  actionType=0 isPlayer=True  value=-0.5758
  policy[:16]=[38.0, 0.0, 0.0, 0.0, 0.0, 0.0, 0.0, 0.0, 0.0, 0.0, 0.0, 0.0, 0.0, 0.0, 0.0, 0.0]

State[11]: 4435389 7081581 7454729 8930596 10433697 11960676 19028764 20006855 23435764 24486564 25201625 25239348 28590183 37796870 40798786 43671368 43713307 47942780 51119654 51133110 52454277 57598381 62427102 65341046 68275180 71087285 72819559 76335835 77433797 77691219 82973834 85157040 88758587 89567131 90253475 91529370 92985130 95054430 97756486 97934105 103276648 108192128 108386533 109017259 110664141 113172509 116517060 120521292 120556900 121807023 122285627 122852865 127144099 138257344 143943888 144718109 147793759 149738494 150277513 151196389 151605350 153257643 158001544 158114270 158531961 160959159 162483559 163366261 164734693 167639695 168430835 170490722 171605025 179063798 188963635 189022821 192941518 193993319 197844240 202317186 205141394 214780282 219399088 222680835 223868460 226569002 229943493 232551538 232916052 238250515 240409359 249448446 252948893 253684086 257076150 257862873 ...
  actionType=0 isPlayer=True  value=-0.5844
  policy[:16]=[54.0, 0.0, 0.0, 0.0, 0.0, 0.0, 0.0, 0.0, 0.0, 0.0, 0.0, 0.0, 0.0, 0.0, 0.0, 0.0]

State[12]: 4435389 7081581 7454729 8930596 10433697 11960676 19028764 20006855 23435764 24486564 25201625 25239348 28590183 37796870 40798786 43671368 43713307 47942780 51119654 51133110 51170251 52454277 57598381 62427102 65341046 68275180 70913758 71087285 72819559 76335835 77433797 77691219 82973834 85157040 88758587 89567131 90253475 91529370 92985130 95054430 97756486 97934105 103276648 108192128 108386533 109017259 110664141 113172509 116517060 120521292 120556900 121807023 122852865 127144099 129851967 138257344 143943888 144718109 147793759 149738494 150277513 151196389 151605350 151640384 153257643 158001544 158114270 158531961 160959159 162483559 163366261 164734693 167639695 168430835 170490722 171605025 179063798 186427659 188963635 189022821 192941518 193993319 197844240 202317186 205141394 214780282 219399088 222680835 223868460 226569002 228354219 229943493 232551538 232916052 238250515 240409359 ...
  actionType=0 isPlayer=True  value=-0.5936
  policy[:16]=[15.0, 0.0, 0.0, 0.0, 0.0, 0.0, 0.0, 0.0, 0.0, 0.0, 0.0, 0.0, 0.0, 0.0, 0.0, 0.0]

State[13]: 4435389 7081581 7454729 8930596 10397476 10433697 11960676 19028764 20006855 20278185 21233366 23435764 24486564 25201625 25239348 26837306 28590183 37796870 40798786 43671368 43713307 47942780 51119654 51133110 51170251 52454277 56857106 57598381 62427102 65341046 68275180 70913758 71087285 72819559 76335835 77433797 77691219 82973834 85157040 88758587 89567131 90253475 91529370 92985130 95054430 97756486 97934105 103276648 105052104 108192128 108386533 109017259 110664141 111621651 113172509 116517060 120521292 120556900 121807023 122852865 127144099 128805022 129851967 138257344 139522385 143943888 144718109 147793759 149738494 150277513 151196389 151605350 151640384 153257643 158001544 158114270 158531961 160959159 162483559 163366261 164734693 167639695 168430835 170490722 171605025 179063798 184288132 186427659 188963635 189022821 192941518 193993319 197844240 202317186 205141394 214780282 ...
  actionType=0 isPlayer=True  value=-0.6034
  policy[:16]=[12.0, 0.0, 0.0, 0.0, 0.0, 0.0, 0.0, 0.0, 0.0, 0.0, 0.0, 0.0, 0.0, 0.0, 0.0, 0.0]

State[14]: 4435389 5055571 7081581 7454729 8930596 10397476 10433697 11960676 12761738 19028764 20006855 20278185 21233366 23435764 24486564 25201625 25239348 26837306 28590183 37796870 40798786 43671368 43713307 47942780 51119654 51133110 52454277 56857106 57598381 58051485 62427102 65341046 68275180 71087285 72819559 75877248 76335835 77433797 77691219 82973834 85157040 88758587 89567131 90134136 90253475 91529370 92985130 95054430 97756486 97934105 103276648 105052104 108192128 108386533 109017259 110664141 111621651 113172509 116517060 120521292 120556900 121807023 122852865 127144099 128805022 138257344 139522385 143943888 144718109 147793759 149738494 150277513 151196389 151605350 153257643 158001544 158114270 158531961 158874956 160959159 162483559 163366261 164734693 167639695 168430835 170490722 171605025 179063798 184288132 186427659 188963635 189022821 192941518 193993319 197844240 202317186 ...
  actionType=3 isPlayer=True  value=-0.6150
  policy[:16]=[0.0, 0.0, 0.0, 0.0, 0.0, 0.0, 0.0, 0.0, 0.0, 0.0, 0.0, 0.0, 0.0, 0.0, 0.0, 0.0]

State[15]: 4435389 7081581 7454729 8930596 10397476 10433697 11960676 19028764 20006855 20278185 21233366 23435764 24486564 25201625 25239348 26837306 28590183 37796870 40798786 42640327 43671368 43713307 47942780 51119654 51133110 52454277 56857106 57598381 60182421 62206675 62427102 65341046 68275180 71087285 72819559 76335835 77433797 82973834 85157040 88758587 89567131 89850599 90253475 92985130 95054430 97756486 97934105 103276648 108192128 108386533 109017259 110664141 111621651 113172509 116517060 120556900 121807023 122852865 127144099 128805022 138257344 139522385 143943888 144718109 147793759 149738494 150277513 151196389 151605350 153257643 158001544 158114270 158531961 160959159 162483559 163366261 164734693 167639695 168430835 170490722 171605025 177276388 179063798 184288132 188963635 189022821 192941518 193993319 197844240 202317186 214780282 219399088 222680835 223868460 226569002 228354219 ...
  actionType=0 isPlayer=True  value=-0.6262
  policy[:16]=[57.0, 0.0, 0.0, 0.0, 0.0, 0.0, 0.0, 0.0, 0.0, 0.0, 0.0, 0.0, 0.0, 0.0, 0.0, 0.0]

State[16]: 4435389 7081581 7454729 8930596 10397476 10433697 11960676 19028764 20006855 20278185 21233366 23435764 24486564 25201625 25239348 26837306 28590183 37796870 40798786 42640327 43671368 43713307 47942780 51119654 51133110 52454277 56857106 57598381 60182421 62206675 62427102 65341046 68275180 71087285 72819559 76335835 77433797 82973834 85157040 88758587 89567131 89850599 90253475 92985130 95054430 97756486 97934105 103276648 108192128 108386533 109017259 110664141 111621651 113172509 116517060 120556900 121807023 122852865 127144099 128805022 138257344 139522385 143943888 144718109 147793759 149738494 150277513 151196389 151605350 153257643 158001544 158114270 158531961 160959159 162483559 163366261 164734693 167639695 168430835 170490722 171605025 177276388 179063798 184288132 188963635 189022821 192941518 193993319 197844240 202317186 214780282 219399088 222680835 223868460 226569002 228354219 ...
  actionType=0 isPlayer=True  value=-0.6358
  policy[:16]=[76.0, 0.0, 0.0, 0.0, 0.0, 0.0, 0.0, 0.0, 0.0, 0.0, 0.0, 0.0, 0.0, 0.0, 0.0, 0.0]

State[17]: 3540456 4435389 4677551 6265137 6641701 7081581 7454729 10397476 10433697 11960676 19028764 20006855 20278185 21233366 23435764 24486564 25201625 25239348 26837306 28590183 37796870 38346403 40798786 42640327 43671368 43713307 47942780 51119654 51133110 52454277 56857106 57534324 57598381 65341046 68275180 71087285 72819559 75814716 76335835 77433797 77691219 82973834 85157040 88758587 89567131 89850599 90253475 91529370 92985130 95054430 97756486 97934105 103276648 108192128 108386533 108753789 109017259 110664141 111621651 113172509 116517060 120521292 120556900 121807023 122285627 122852865 127144099 128805022 138257344 139522385 143943888 144718109 147793759 149468892 149738494 150277513 151196389 151378331 151605350 153257643 158001544 158114270 158531961 160959159 162483559 163366261 164734693 167639695 168430835 170490722 177276388 179063798 184288132 188963635 189022821 192941518 ...
  actionType=0 isPlayer=True  value=-0.6445
  policy[:16]=[32.0, 0.0, 0.0, 0.0, 0.0, 0.0, 0.0, 0.0, 0.0, 0.0, 0.0, 0.0, 0.0, 0.0, 0.0, 0.0]

State[18]: 3540456 4435389 4677551 6265137 6641701 7081581 7454729 10397476 10433697 11960676 19028764 20006855 20278185 21233366 23435764 24486564 25201625 25239348 26837306 28590183 37796870 38346403 40798786 42640327 43671368 43713307 47942780 51119654 51133110 52454277 56857106 57534324 57598381 65341046 68275180 71087285 72819559 75814716 76335835 77691219 82973834 85157040 88758587 89567131 89850599 90253475 91529370 92985130 95054430 97756486 97934105 103276648 108192128 108386533 108753789 109017259 110664141 111621651 113172509 116517060 120521292 120556900 121807023 122285627 122852865 127144099 128805022 138257344 139522385 143943888 144718109 147793759 149468892 149738494 150277513 151196389 151378331 151605350 153257643 158001544 158114270 158531961 160959159 162483559 163366261 164734693 167639695 168430835 170490722 177276388 179063798 184288132 188963635 189022821 192941518 193993319 ...
  actionType=0 isPlayer=True  value=-0.6462
  policy[:16]=[25.0, 0.0, 0.0, 0.0, 0.0, 0.0, 0.0, 0.0, 0.0, 0.0, 0.0, 0.0, 0.0, 0.0, 0.0, 0.0]

State[19]: 3540456 4435389 4677551 6265137 6641701 7081581 7454729 10397476 10433697 11960676 19028764 20006855 20278185 21233366 23435764 24486564 25201625 25239348 26837306 28590183 37796870 38346403 40798786 42640327 43671368 43713307 47942780 51119654 51133110 52454277 56857106 57534324 57598381 65341046 68275180 71087285 72819559 75814716 76335835 77691219 82973834 85157040 88758587 89567131 89850599 90253475 91529370 92985130 95054430 97756486 97934105 103276648 108192128 108386533 108753789 109017259 110664141 111621651 113172509 116517060 120521292 120556900 121807023 122285627 122852865 127144099 128805022 138257344 139522385 143943888 144718109 147793759 149468892 149738494 150277513 151196389 151378331 151605350 153257643 158001544 158114270 158531961 160959159 162483559 163366261 164734693 167639695 168430835 170490722 177276388 179063798 184288132 188963635 189022821 192941518 193993319 ...
  actionType=0 isPlayer=True  value=-0.6508
  policy[:16]=[52.0, 0.0, 0.0, 0.0, 0.0, 0.0, 0.0, 0.0, 0.0, 0.0, 0.0, 0.0, 0.0, 0.0, 0.0, 0.0]

State[20]: 3540456 4435389 4677551 6265137 6641701 7081581 7454729 10397476 10433697 11960676 19028764 20006855 20278185 21233366 23435764 24486564 25201625 25239348 26837306 28590183 37796870 38346403 40798786 42640327 43671368 43713307 47942780 51119654 51133110 52454277 56857106 57534324 57598381 65341046 68275180 71087285 72819559 75814716 76335835 77691219 82973834 85157040 88758587 89567131 90253475 91529370 92985130 95054430 97756486 97934105 103276648 105052104 108192128 108386533 108753789 109017259 110664141 111621651 113172509 116517060 120521292 120556900 122852865 127144099 128805022 138257344 139522385 143943888 144718109 147793759 149468892 149738494 150277513 151196389 151378331 151605350 153257643 158001544 158114270 158531961 160959159 162483559 163366261 164734693 167639695 168430835 170490722 177276388 179063798 184288132 186427659 188963635 189022821 193993319 197844240 202317186 ...
  actionType=0 isPlayer=True  value=-0.6573
  policy[:16]=[40.0, 0.0, 0.0, 0.0, 0.0, 0.0, 0.0, 0.0, 0.0, 0.0, 0.0, 0.0, 0.0, 0.0, 0.0, 0.0]

State[21]: 3540456 4435389 4677551 6265137 6641701 7081581 7454729 10397476 10433697 11960676 15114750 19028764 20006855 20278185 21233366 23435764 24486564 25146006 25201625 25239348 26837306 28590183 32140814 37796870 38346403 40798786 42640327 43671368 43713307 47942780 51119654 51133110 52454277 56857106 57534324 57598381 65341046 68275180 71087285 72819559 75814716 76335835 77691219 82973834 85157040 88758587 89567131 90253475 91529370 92985130 95054430 97756486 97934105 103276648 105052104 108192128 108386533 108753789 109017259 110664141 111621651 113172509 116517060 120521292 120556900 122852865 127144099 128805022 130487988 138257344 139522385 143943888 144718109 146975547 147793759 149468892 149738494 150277513 151196389 151378331 151605350 151640384 153257643 158001544 158114270 158531961 160959159 161820691 162483559 163366261 164734693 167238058 167639695 168430835 170490722 177276388 ...
  actionType=0 isPlayer=True  value=-0.6642
  policy[:16]=[81.0, 0.0, 0.0, 0.0, 0.0, 0.0, 0.0, 0.0, 0.0, 0.0, 0.0, 0.0, 0.0, 0.0, 0.0, 0.0]

State[22]: 3540456 4435389 4677551 6265137 6641701 7081581 7454729 10397476 10433697 11960676 15114750 19028764 20006855 20278185 21233366 23435764 24486564 25146006 25201625 25239348 26837306 28590183 32140814 37796870 38346403 40798786 42640327 43671368 43713307 47942780 51119654 51133110 52454277 56857106 57534324 57598381 65341046 68275180 71087285 72819559 75814716 76335835 77691219 82973834 85157040 88758587 89567131 90253475 91529370 92985130 95054430 97756486 97934105 103276648 105052104 108192128 108386533 108753789 109017259 110664141 111621651 113172509 116517060 120521292 120556900 122852865 127144099 128805022 130487988 138257344 139522385 143943888 144718109 146975547 147793759 149468892 149738494 150277513 151196389 151378331 151605350 151640384 153257643 158001544 158114270 158531961 160959159 161820691 162483559 163366261 164734693 167238058 167639695 168430835 170490722 177276388 ...
  actionType=0 isPlayer=True  value=-0.6712
  policy[:16]=[24.0, 0.0, 0.0, 0.0, 0.0, 0.0, 0.0, 0.0, 0.0, 0.0, 0.0, 0.0, 0.0, 0.0, 0.0, 0.0]

State[23]: 3540456 4435389 4677551 6265137 6641701 7081581 7454729 10397476 10433697 11960676 15114750 19028764 20006855 20278185 21233366 23435764 24486564 25146006 25201625 25239348 26837306 28590183 32140814 37796870 38346403 40798786 42640327 43671368 43713307 47942780 51119654 51133110 52454277 56857106 57534324 57598381 65341046 68275180 71087285 72819559 75814716 76335835 76971584 77691219 82973834 84491288 85157040 85299454 88758587 89567131 90253475 91529370 92985130 95054430 97756486 97934105 103276648 105052104 108192128 108386533 108753789 109017259 110664141 111621651 113172509 116517060 120521292 122852865 127144099 128805022 130487988 136320525 138257344 139376967 139522385 143943888 144718109 146975547 147793759 149468892 149738494 150277513 151196389 151378331 151605350 151640384 153257643 154680443 158001544 158114270 158531961 160959159 161820691 162483559 163366261 163633791 ...
  actionType=0 isPlayer=True  value=-0.6784
  policy[:16]=[30.0, 0.0, 0.0, 0.0, 0.0, 0.0, 0.0, 54.0, 0.0, 0.0, 0.0, 0.0, 0.0, 0.0, 0.0, 0.0]

State[24]: 3540456 4435389 4677551 6265137 6641701 7081581 7454729 10397476 10433697 11960676 15114750 19028764 20006855 20278185 21233366 23435764 24486564 25146006 25201625 25239348 26837306 28590183 32140814 37796870 38346403 40798786 42640327 43671368 43713307 47942780 51119654 51133110 52454277 56857106 57534324 57598381 65341046 68275180 71087285 72819559 75814716 76335835 76971584 77691219 82973834 84491288 85157040 85299454 88758587 89567131 90253475 91529370 92985130 95054430 97756486 97934105 103276648 105052104 108192128 108386533 108753789 109017259 110664141 111621651 113172509 116517060 120521292 122852865 127144099 128805022 130487988 136320525 138257344 139376967 139522385 143943888 144718109 146975547 147793759 149468892 149738494 150277513 151196389 151378331 151605350 151640384 153257643 154680443 158001544 158114270 158531961 160959159 161820691 162483559 163366261 163633791 ...
  actionType=0 isPlayer=True  value=-0.6858
  policy[:16]=[14.0, 0.0, 0.0, 0.0, 0.0, 0.0, 0.0, 0.0, 0.0, 0.0, 0.0, 0.0, 0.0, 0.0, 0.0, 0.0]

State[25]: 3540456 4435389 4677551 6265137 6641701 7081581 7454729 10397476 10433697 11960676 15114750 19028764 20006855 20278185 21233366 23435764 24486564 25146006 25201625 25239348 26837306 28590183 32140814 37796870 38346403 40798786 42640327 43671368 43713307 47942780 51119654 51133110 52454277 56857106 57534324 57598381 65341046 68275180 71087285 72819559 75814716 76335835 76971584 77691219 82973834 84491288 85157040 85299454 88758587 89567131 90253475 91529370 92985130 95054430 97756486 97934105 103276648 105052104 108192128 108386533 108753789 109017259 110664141 111621651 113172509 116517060 120521292 122852865 127144099 128805022 130487988 136320525 138257344 139376967 139522385 143943888 144718109 146975547 147793759 149468892 149738494 150277513 151196389 151378331 151605350 151640384 153257643 154680443 158001544 158114270 158531961 160959159 161820691 162483559 163366261 163633791 ...
  actionType=0 isPlayer=True  value=-0.6939
  policy[:16]=[9.0, 0.0, 0.0, 0.0, 0.0, 0.0, 0.0, 13.0, 0.0, 0.0, 0.0, 0.0, 0.0, 0.0, 0.0, 0.0]

State[26]: 3540456 4435389 4677551 5055571 6265137 6641701 7081581 7454729 10397476 10433697 11960676 12761738 15114750 20006855 20278185 21233366 23435764 24486564 25146006 25201625 25239348 26837306 28590183 32140814 37796870 38346403 40798786 42640327 43671368 43713307 47942780 51119654 51133110 52454277 56857106 57534324 57598381 58051485 65341046 68275180 71087285 72819559 75814716 75877248 76335835 76971584 77691219 82973834 84491288 85157040 85299454 88758587 89567131 90134136 90253475 91529370 92985130 95054430 97756486 97934105 103276648 105052104 108192128 108386533 108753789 109017259 110664141 111621651 113172509 116517060 120521292 122852865 127144099 128805022 130487988 136320525 138257344 139376967 139522385 143943888 144718109 146975547 147793759 149468892 149738494 150277513 151196389 151378331 151605350 153257643 154680443 158001544 158114270 158531961 158874956 160959159 ...
  actionType=3 isPlayer=True  value=-0.7010
  policy[:16]=[0.0, 0.0, 0.0, 0.0, 0.0, 0.0, 0.0, 0.0, 0.0, 0.0, 0.0, 0.0, 0.0, 0.0, 0.0, 0.0]

State[27]: 3540456 4435389 4677551 5055571 6265137 6641701 7081581 7454729 10397476 10433697 11960676 12761738 15114750 20006855 20278185 21233366 23435764 24486564 25146006 25201625 25239348 26837306 28590183 32140814 37796870 38346403 40798786 42640327 43671368 43713307 47942780 51119654 51133110 52454277 56857106 57534324 57598381 58051485 60182421 65341046 68275180 71087285 72819559 75550221 75814716 75877248 76335835 76971584 77691219 82973834 84491288 85157040 85299454 88758587 89567131 89850599 90134136 90253475 91529370 92985130 95054430 97756486 97934105 103276648 108192128 108386533 108753789 109017259 110664141 111621651 113172509 116517060 120521292 122852865 127144099 127949941 128805022 130487988 136320525 138257344 139522385 143943888 144718109 146975547 147793759 149468892 149738494 150277513 151196389 151378331 151605350 153257643 154680443 158001544 158114270 158531961 ...
  actionType=0 isPlayer=True  value=-0.7097
  policy[:16]=[49.0, 0.0, 0.0, 0.0, 0.0, 0.0, 0.0, 0.0, 0.0, 0.0, 0.0, 0.0, 0.0, 0.0, 0.0, 0.0]

State[28]: 3540456 4435389 4677551 6265137 7081581 10397476 10433697 11960676 15114750 20006855 20278185 21233366 23435764 24486564 25146006 25201625 25239348 26837306 28590183 32140814 37796870 38346403 40113192 40798786 42640327 43671368 43713307 47942780 51119654 51133110 52454277 56857106 57534324 57598381 60182421 62206675 65341046 68275180 71087285 72819559 75814716 76335835 76971584 82973834 84491288 85157040 85299454 88758587 89567131 89850599 90253475 91529370 92985130 95054430 97756486 97934105 103276648 108192128 108386533 108753789 109017259 110664141 111621651 113172509 116517060 118642407 120521292 122852865 128805022 130487988 136320525 138257344 139522385 143943888 144718109 146975547 147793759 149468892 149738494 150277513 151196389 151605350 153257643 154680443 158001544 158114270 158531961 160959159 161820691 162483559 163366261 163633791 164734693 167238058 167639695 168430835 ...
  actionType=0 isPlayer=True  value=-0.7160
  policy[:16]=[92.0, 0.0, 0.0, 0.0, 0.0, 0.0, 0.0, 0.0, 0.0, 0.0, 0.0, 0.0, 0.0, 0.0, 0.0, 0.0]

State[29]: 3540456 4435389 4677551 6265137 7081581 10397476 10433697 11960676 15114750 20006855 20278185 21233366 23435764 24486564 25146006 25201625 25239348 26837306 28590183 32140814 37796870 38346403 40113192 40798786 42640327 43671368 43713307 47942780 51119654 51133110 52454277 56857106 57534324 57598381 62206675 65341046 68275180 71087285 72819559 75814716 76335835 76971584 77433797 82973834 84491288 85157040 85299454 88758587 89567131 89850599 90253475 91529370 92985130 95054430 97756486 97934105 100671094 103276648 107924850 108192128 108386533 108753789 109017259 110664141 111621651 113172509 116517060 118642407 120521292 122852865 128805022 130487988 136320525 138257344 139522385 143943888 144718109 146975547 147793759 149468892 149738494 150277513 151196389 151605350 153257643 154680443 158001544 158114270 158531961 160959159 161820691 162483559 163366261 163633791 164734693 167238058 ...
  actionType=0 isPlayer=True  value=-0.7218
  policy[:16]=[43.0, 0.0, 0.0, 0.0, 0.0, 0.0, 0.0, 0.0, 0.0, 0.0, 0.0, 0.0, 0.0, 0.0, 0.0, 0.0]


=== GEN 1 DATASET_STATS 2026-10-04T20:50:41.581227 ===
[load] data/UWTempo/ver0/testing
[stats] samples=17240
[stats] unique active raw feature indices =17293
[info] loaded feature vocab from checkpoint: 3865 rows
[stats] unique active feature indices in checkpoint vocab =3746
[stats] unique active feature indices after local ignore =3834
[stats] aggregated samples=17240 (pA=5339, pB=0, t=1268, b=857)

Top 50 most occurring feature indices:
  1. idx=25201625    count=17240
  2. idx=1631473220  count=17239
  3. idx=1832526253  count=17239
  4. idx=252948893   count=17236
  5. idx=1016689544  count=17236
  6. idx=1986511081  count=17234
  7. idx=1180808003  count=17233
  8. idx=1023802222  count=17231
  9. idx=2128751372  count=17231
 10. idx=1226690635  count=17230
 11. idx=509171120   count=17229
 12. idx=897048270   count=17228
 13. idx=1553864449  count=17226
 14. idx=1688059427  count=17226
 15. idx=488893574   count=17224
 16. idx=562810265   count=17222
 17. idx=1841891679  count=17219
 18. idx=158531961   count=17217
 19. idx=1065650504  count=17217
 20. idx=1145700954  count=17215
 21. idx=1083634318  count=17213
 22. idx=292685944   count=17212
 23. idx=1492725111  count=17211
 24. idx=709654877   count=17207
 25. idx=20006855    count=17205
 26. idx=25239348    count=17205
 27. idx=1853908098  count=17203
 28. idx=1569162904  count=17202
 29. idx=1408436390  count=17193
 30. idx=1403637108  count=17190
 31. idx=24486564    count=17181
 32. idx=92985130    count=17168
 33. idx=1845719655  count=17167
 34. idx=1220955862  count=17146
 35. idx=269604735   count=17143
 36. idx=327593765   count=17134
 37. idx=1190719792  count=17130
 38. idx=1716680109  count=17121
 39. idx=280477302   count=17106
 40. idx=689970337   count=17103
 41. idx=1697835508  count=17090
 42. idx=37796870    count=17082
 43. idx=1703333636  count=17079
 44. idx=1130476223  count=17064
 45. idx=299482351   count=17056
 46. idx=1781554642  count=17050
 47. idx=872579612   count=17048
 48. idx=508037855   count=17042
 49. idx=1445360047  count=17019
 50. idx=812282718   count=16995

=== Preview ===
State[0]: 8930596 9762961 10433697 11960676 14175082 17838944 20006855 24486564 25201625 25239348 28590183 30782066 33734692 37796870 40137661 40798786 42640327 43671368 52454277 53775919 54816155 57534324 57598381 59224600 60066325 62206675 62427102 65341046 68052188 68275180 71087285 72819559 73611033 76335835 77344184 80278790 82973834 85157040 88758587 89567131 92985130 95054430 97756486 97934105 103276648 104045198 108386533 109017259 110664141 116517060 120556900 121807023 129788275 136170400 138257344 140920669 142689893 144545824 144718109 145957139 146975547 147793759 149738494 151196389 151640384 152235937 153257643 158001544 158114270 158531961 160959159 162483559 163366261 164734693 170490722 171605025 176116835 177276388 179063798 181047381 182606729 192941518 193993319 202317186 219399088 229943493 232551538 235903079 237708167 240409359 241577520 245742685 246348888 249448446 252948893 253684086 ...
  actionType=5 isPlayer=True  value=-0.4112
  policy[:16]=[4.0, 0.0, 0.0, 0.0, 0.0, 0.0, 0.0, 0.0, 0.0, 0.0, 0.0, 0.0, 0.0, 0.0, 0.0, 0.0]

State[1]: 8930596 9762961 10433697 11960676 14175082 17838944 20006855 24486564 25201625 25239348 28590183 30782066 33734692 37796870 40137661 40798786 42640327 43671368 52454277 53775919 54816155 57534324 57598381 59224600 60066325 62206675 62427102 65341046 68052188 68275180 71087285 72819559 73611033 76335835 77344184 80278790 82973834 85157040 88758587 89567131 92985130 95054430 97756486 97934105 103276648 104045198 108386533 109017259 110664141 116517060 120556900 121807023 129788275 136170400 138257344 140920669 142689893 144545824 144718109 145957139 146975547 147793759 149738494 151196389 151640384 152235937 153257643 158001544 158114270 158531961 160959159 162483559 163366261 164734693 170490722 171605025 176116835 177276388 179063798 181047381 182606729 192941518 193993319 202317186 219399088 229943493 232551538 235903079 237708167 240409359 241577520 245742685 246348888 249448446 252948893 253684086 ...
  actionType=0 isPlayer=True  value=-0.4415
  policy[:16]=[40.0, 0.0, 0.0, 0.0, 0.0, 0.0, 0.0, 0.0, 0.0, 0.0, 0.0, 0.0, 0.0, 0.0, 0.0, 0.0]

State[2]: 7081581 8930596 9762961 10433697 11960676 14175082 17838944 20006855 24486564 25201625 25239348 28590183 30782066 33734692 37796870 40137661 40798786 42640327 43671368 52454277 53775919 54816155 57534324 57598381 59224600 62206675 62427102 65341046 68052188 68275180 71087285 72819559 73611033 76335835 77344184 80278790 82973834 85157040 88758587 89567131 91529370 92985130 95054430 97756486 97934105 103276648 108386533 109017259 110664141 113172509 116517060 120556900 121807023 122852865 129788275 136170400 138257344 140920669 142689893 143943888 144545824 144718109 145957139 146975547 147793759 149738494 151196389 151640384 152235937 153257643 158001544 158114270 158531961 160959159 162483559 163366261 164734693 168430835 170490722 171605025 176116835 177276388 179063798 181047381 182606729 188963635 192941518 193993319 202317186 205141394 219399088 229943493 232551538 235903079 237708167 240409359 ...
  actionType=0 isPlayer=True  value=-0.4632
  policy[:16]=[54.0, 0.0, 0.0, 0.0, 0.0, 0.0, 0.0, 0.0, 0.0, 0.0, 0.0, 0.0, 0.0, 0.0, 0.0, 0.0]

State[3]: 7081581 8930596 9762961 10433697 11960676 14175082 17838944 20006855 24486564 25201625 25239348 28590183 30782066 33734692 37796870 40137661 40798786 42640327 43671368 52454277 53775919 54816155 57534324 57598381 59224600 62206675 62427102 65341046 68052188 68275180 71087285 72819559 73611033 76335835 77344184 80278790 82973834 85157040 88758587 89567131 91529370 92985130 95054430 97756486 97934105 103276648 108386533 109017259 110664141 113172509 116517060 120556900 121807023 122852865 129788275 136170400 138257344 140920669 142689893 143943888 144545824 144718109 145957139 146975547 147793759 149738494 151196389 151640384 152235937 153257643 158001544 158114270 158531961 160959159 162483559 163366261 164734693 168430835 170490722 171605025 176116835 177276388 179063798 181047381 182606729 188963635 192941518 193993319 202317186 205141394 219399088 229943493 232551538 235903079 237708167 240409359 ...
  actionType=0 isPlayer=True  value=-0.4833
  policy[:16]=[110.0, 0.0, 0.0, 0.0, 0.0, 0.0, 0.0, 0.0, 0.0, 0.0, 0.0, 0.0, 0.0, 0.0, 0.0, 0.0]

State[4]: 7081581 8930596 9762961 10433697 11960676 14175082 17838944 20006855 24486564 25201625 25239348 28590183 30782066 33734692 37796870 40137661 40495438 40798786 42640327 43671368 52454277 53775919 54816155 54820091 57534324 57598381 59224600 62206675 62427102 65341046 68052188 68275180 71087285 72819559 73611033 76335835 77344184 80278790 81223084 82973834 83668561 85157040 88758587 89567131 91529370 91793857 92985130 95054430 97756486 97934105 103276648 108386533 109017259 110664141 113172509 116517060 120556900 121807023 122852865 129788275 136170400 138257344 140920669 142689893 143943888 144545824 144718109 145957139 146975547 147793759 149738494 151196389 151640384 152235937 153257643 158001544 158114270 158531961 160959159 162483559 163366261 164734693 168430835 168931251 170490722 171605025 176116835 177276388 179063798 181047381 182606729 186427659 188963635 192941518 193993319 197844240 ...
  actionType=0 isPlayer=True  value=-0.5016
  policy[:16]=[87.0, 0.0, 0.0, 0.0, 0.0, 0.0, 0.0, 0.0, 0.0, 0.0, 0.0, 0.0, 0.0, 0.0, 0.0, 0.0]

State[5]: 7081581 8930596 9762961 10433697 11960676 14175082 17838944 20006855 24486564 25201625 25239348 28590183 30782066 33734692 37796870 40137661 40798786 42640327 43671368 52454277 53775919 54816155 54820091 57534324 57598381 59224600 62206675 62427102 65341046 68052188 68275180 71087285 72819559 73611033 76335835 77344184 80278790 81223084 82973834 83668561 85157040 88758587 89567131 91529370 92985130 95054430 97756486 97934105 103276648 108386533 109017259 110664141 113172509 116517060 120556900 121807023 122852865 129788275 136170400 138257344 140920669 142689893 143943888 144545824 144718109 145957139 146975547 147793759 149738494 151196389 151640384 152235937 153257643 158001544 158114270 158531961 160959159 162483559 163366261 164734693 168430835 168931251 170490722 171605025 176116835 177276388 179063798 181047381 182606729 188963635 192941518 193993319 197844240 202317186 205141394 219399088 ...
  actionType=0 isPlayer=True  value=-0.5191
  policy[:16]=[148.0, 0.0, 0.0, 0.0, 0.0, 0.0, 0.0, 0.0, 0.0, 0.0, 0.0, 0.0, 0.0, 0.0, 0.0, 0.0]

State[6]: 7081581 8930596 9762961 10433697 11960676 14175082 17838944 20006855 24486564 25201625 25239348 28590183 30782066 33734692 37796870 40137661 40798786 42640327 43671368 52454277 53775919 54816155 54820091 57534324 57598381 59224600 62206675 62427102 65341046 68052188 68275180 71087285 72819559 73611033 76335835 77344184 80278790 81223084 82973834 83668561 85157040 88758587 89567131 91529370 92985130 95054430 97756486 97934105 103276648 108386533 109017259 110664141 113172509 116517060 120556900 121807023 122852865 129788275 136170400 138257344 140920669 142689893 143943888 144545824 144718109 145957139 146975547 147793759 149738494 151196389 151640384 152235937 153257643 158001544 158114270 158531961 160959159 162483559 163366261 164734693 168430835 168931251 170490722 171605025 176116835 177276388 179063798 181047381 182606729 188963635 192941518 193993319 197844240 202317186 205141394 219399088 ...
  actionType=0 isPlayer=True  value=-0.5352
  policy[:16]=[211.0, 0.0, 0.0, 0.0, 0.0, 0.0, 0.0, 0.0, 0.0, 0.0, 0.0, 0.0, 0.0, 0.0, 0.0, 0.0]

State[7]: 7081581 8930596 9762961 10433697 11960676 14175082 17838944 20006855 24486564 25201625 25239348 28590183 30782066 33734692 37796870 40137661 40495438 40798786 42640327 43671368 52454277 53775919 54816155 54820091 57534324 57598381 59224600 62206675 62427102 65341046 68052188 68275180 71087285 72819559 73611033 76335835 77344184 80278790 81223084 82973834 83668561 85157040 88758587 89567131 91529370 91793857 92985130 95054430 97756486 97934105 103276648 108386533 109017259 110664141 113172509 116517060 120556900 121807023 122852865 129788275 136170400 138257344 140920669 142689893 143943888 144545824 144718109 145957139 146975547 147793759 149738494 151196389 151640384 152235937 153257643 158001544 158114270 158531961 160959159 162483559 163366261 164734693 168430835 168931251 170490722 171605025 176116835 177276388 179063798 181047381 182606729 186427659 188963635 192941518 193993319 197844240 ...
  actionType=0 isPlayer=True  value=-0.5506
  policy[:16]=[184.0, 95.0, 0.0, 0.0, 0.0, 0.0, 0.0, 0.0, 0.0, 0.0, 0.0, 0.0, 0.0, 0.0, 0.0, 0.0]

State[8]: 7081581 8930596 9762961 10397476 10433697 11960676 14175082 17838944 20006855 20278185 24486564 25201625 25239348 26837306 28590183 30782066 33734692 37796870 40137661 40798786 42640327 43671368 52454277 53775919 54816155 54820091 57534324 57598381 59224600 62206675 62348808 62427102 65341046 68052188 68275180 71087285 72819559 73611033 76335835 77344184 80278790 80970912 81223084 82973834 83668561 85157040 88758587 89567131 91529370 92985130 95054430 97756486 97794678 97934105 103276648 108386533 109017259 110664141 111621651 113172509 115088640 116517060 120422966 120556900 121807023 122852865 129788275 136170400 138257344 140920669 142689893 143943888 144545824 144718109 145957139 146975547 147793759 149738494 151196389 151640384 152235937 153257643 158001544 158114270 158531961 160932818 160959159 162483559 163366261 164734693 168430835 170490722 171605025 176116835 177276388 179063798 ...
  actionType=0 isPlayer=True  value=-0.5668
  policy[:16]=[33.0, 0.0, 0.0, 0.0, 0.0, 0.0, 0.0, 0.0, 0.0, 0.0, 0.0, 0.0, 0.0, 0.0, 0.0, 0.0]

State[9]: 7081581 8930596 9762961 10397476 10433697 11960676 14175082 17838944 20006855 20278185 24486564 25201625 25239348 26837306 28590183 30782066 33734692 37796870 40137661 40798786 42640327 43671368 52454277 53775919 54816155 54820091 57534324 57598381 59224600 62206675 62348808 62427102 65341046 68052188 68275180 71087285 72819559 73611033 76335835 77344184 80278790 80970912 81223084 82973834 83668561 85157040 88758587 89567131 91529370 92985130 95054430 97756486 97794678 97934105 103276648 108386533 109017259 110664141 111621651 113172509 115088640 116517060 120422966 120556900 121807023 122852865 129788275 136170400 138257344 140920669 142689893 143943888 144545824 144718109 145957139 146975547 147793759 149738494 151196389 151640384 152235937 153257643 158001544 158114270 158531961 160932818 160959159 162483559 163366261 164734693 168430835 170490722 171605025 176116835 177276388 179063798 ...
  actionType=0 isPlayer=True  value=-0.5910
  policy[:16]=[49.0, 0.0, 0.0, 0.0, 0.0, 0.0, 0.0, 0.0, 0.0, 0.0, 0.0, 0.0, 0.0, 0.0, 0.0, 0.0]

State[10]: 7081581 8930596 9762961 10397476 10433697 11960676 14175082 17838944 20006855 20278185 24486564 25201625 25239348 26837306 28590183 30782066 33734692 37796870 40137661 40798786 42640327 43671368 52454277 53775919 54816155 54820091 57534324 57598381 59224600 62206675 62348808 62427102 65341046 68052188 68275180 71087285 72819559 73611033 76335835 77344184 80278790 80970912 81223084 82973834 83668561 85157040 88758587 89567131 91529370 92985130 95054430 97756486 97794678 97934105 103276648 108386533 109017259 110664141 111621651 113172509 115088640 116517060 120422966 120556900 121807023 122852865 129788275 136170400 138257344 140920669 142689893 143943888 144545824 144718109 145957139 146975547 147793759 149738494 151196389 151640384 152235937 153257643 158001544 158114270 158531961 160932818 160959159 162483559 163366261 164734693 168430835 170490722 171605025 176116835 177276388 179063798 ...
  actionType=0 isPlayer=True  value=-0.6135
  policy[:16]=[74.0, 0.0, 0.0, 0.0, 0.0, 0.0, 0.0, 0.0, 0.0, 0.0, 0.0, 0.0, 0.0, 0.0, 0.0, 0.0]

State[11]: 4677551 6265137 7081581 8930596 9762961 10397476 10433697 11960676 12547375 14175082 15114750 20006855 20278185 24486564 25201625 25239348 26837306 28590183 30782066 32140814 33734692 37796870 40137661 40798786 42640327 43671368 52454277 53775919 54816155 54820091 57534324 57598381 59224600 62206675 62348808 65341046 68052188 68275180 71087285 72819559 73611033 76335835 77344184 80278790 80970912 81223084 82528187 82973834 83668561 85157040 88758587 89567131 91529370 91793857 92985130 95054430 97756486 97794678 97934105 103276648 108386533 109017259 110664141 111621651 113172509 115088640 116517060 120422966 120556900 121807023 122852865 129788275 130487988 136170400 138257344 140920669 143943888 144545824 144718109 145957139 146975547 147793759 149468892 149738494 151196389 151605350 151640384 153257643 158001544 158114270 158531961 160932818 160959159 162483559 163366261 164734693 ...
  actionType=0 isPlayer=True  value=-0.6351
  policy[:16]=[9.0, 0.0, 0.0, 0.0, 0.0, 0.0, 0.0, 0.0, 0.0, 0.0, 0.0, 0.0, 0.0, 0.0, 0.0, 0.0]

State[12]: 4677551 6265137 7081581 8930596 9762961 10397476 10433697 11960676 14175082 15114750 20006855 20278185 21233366 24486564 25201625 25239348 26837306 28590183 30782066 32140814 33734692 37796870 40137661 40798786 42640327 43671368 52454277 53775919 54816155 57534324 57598381 59224600 62206675 62348808 65341046 68052188 68275180 71087285 72819559 72964789 73611033 76335835 77344184 79449118 80278790 80970912 81223084 82528187 82973834 85157040 85299454 88758587 89567131 89850599 90134136 91529370 92985130 95054430 97756486 97794678 97934105 103276648 108386533 109017259 110664141 111621651 113172509 115088640 116517060 120422966 120556900 121807023 122852865 126251158 129788275 130487988 136170400 136320525 138257344 140920669 143943888 144545824 144718109 145957139 146975547 147793759 149468892 149738494 151196389 151605350 151640384 153257643 158001544 158114270 158531961 160932818 ...
  actionType=3 isPlayer=True  value=-0.6560
  policy[:16]=[18.0, 0.0, 0.0, 0.0, 0.0, 0.0, 0.0, 0.0, 0.0, 0.0, 0.0, 0.0, 0.0, 0.0, 0.0, 0.0]

State[13]: 4677551 6265137 7081581 8930596 9762961 10397476 10433697 11960676 14175082 15114750 20006855 20278185 21233366 24486564 25201625 25239348 26837306 28590183 30782066 32140814 33734692 37796870 40137661 40798786 42640327 43671368 52454277 53775919 54816155 57534324 57598381 59224600 62206675 62348808 65341046 68052188 68275180 71087285 72819559 73611033 76335835 77344184 79449118 80278790 80970912 81223084 82528187 82973834 85157040 85299454 88758587 89567131 89850599 91529370 92985130 95054430 97756486 97794678 97934105 103276648 108386533 109017259 110664141 111621651 113172509 115088640 116517060 120422966 120556900 121807023 122852865 126251158 129788275 130487988 136170400 136320525 138257344 140920669 143943888 144545824 144718109 145957139 146975547 147793759 149468892 149738494 151196389 151605350 151640384 153257643 158001544 158114270 158531961 160932818 160959159 162483559 ...
  actionType=0 isPlayer=True  value=-0.6802
  policy[:16]=[38.0, 0.0, 0.0, 0.0, 0.0, 0.0, 0.0, 0.0, 0.0, 0.0, 0.0, 0.0, 0.0, 0.0, 0.0, 0.0]

State[14]: 4677551 6265137 7081581 8930596 9762961 10397476 10433697 11960676 14175082 15114750 20006855 20278185 21233366 24486564 25201625 25239348 26837306 28590183 30782066 32140814 33734692 37796870 40137661 40798786 42640327 43671368 52454277 53775919 54816155 57534324 57598381 59224600 62206675 62348808 65341046 68052188 68275180 71087285 72819559 73611033 76335835 77344184 79449118 80278790 80970912 81223084 82528187 82973834 85157040 85299454 88758587 89567131 89850599 91529370 92985130 95054430 97756486 97794678 97934105 103276648 108386533 109017259 110664141 111621651 113172509 115088640 116517060 120422966 120556900 121807023 122852865 126251158 129788275 130487988 136170400 136320525 138257344 140920669 143943888 144545824 144718109 145957139 146975547 147793759 149468892 149738494 151196389 151605350 151640384 153257643 158001544 158114270 158531961 160932818 160959159 162483559 ...
  actionType=0 isPlayer=True  value=-0.7035
  policy[:16]=[52.0, 0.0, 0.0, 0.0, 0.0, 0.0, 0.0, 0.0, 0.0, 0.0, 0.0, 0.0, 0.0, 0.0, 0.0, 0.0]

State[15]: 4677551 6265137 7081581 9762961 10397476 10433697 11960676 15114750 16278220 20006855 20278185 21233366 24486564 25201625 25239348 26837306 28590183 30782066 32140814 32317024 32909350 33734692 37796870 38346403 40137661 40798786 42640327 43671368 43713307 52454277 53775919 54816155 57534324 57598381 59224600 62206675 62348808 65341046 68052188 68275180 71087285 72819559 73611033 76335835 77344184 79449118 80278790 80970912 81223084 82528187 82973834 85157040 85299454 87111015 88758587 89567131 89850599 89970412 91529370 92985130 95054430 97756486 97794678 97832964 97934105 100671094 103276648 108386533 108753789 109017259 110664141 111621651 113172509 115088640 116517060 120422966 120521292 120556900 121807023 122852865 126251158 130487988 136170400 136320525 138257344 140920669 143943888 144545824 144718109 145957139 146975547 147793759 149468892 149738494 151196389 151605350 ...
  actionType=0 isPlayer=True  value=-0.7245
  policy[:16]=[13.0, 0.0, 0.0, 0.0, 0.0, 0.0, 0.0, 0.0, 0.0, 0.0, 0.0, 0.0, 0.0, 0.0, 0.0, 0.0]

State[16]: 4677551 6265137 7081581 9762961 10397476 10433697 11960676 15114750 16278220 20006855 20278185 21233366 24486564 25201625 25239348 26837306 28590183 30782066 32140814 32317024 32909350 33734692 37796870 38346403 40137661 40798786 42640327 43671368 43713307 52454277 53775919 54816155 57534324 57598381 59224600 62206675 62348808 65341046 68052188 68275180 71087285 72819559 73611033 76335835 77344184 79449118 80278790 80970912 81223084 82528187 82973834 85157040 85299454 87111015 88758587 89567131 89850599 89970412 91529370 92985130 95054430 97756486 97794678 97832964 97934105 100671094 103276648 108386533 108753789 109017259 110664141 111621651 113172509 115088640 116517060 120422966 120521292 120556900 121807023 122852865 126251158 130487988 136170400 136320525 138257344 140920669 143943888 144545824 144718109 145957139 146975547 147793759 149468892 149738494 151196389 151605350 ...
  actionType=0 isPlayer=True  value=-0.7284
  policy[:16]=[14.0, 0.0, 0.0, 0.0, 0.0, 0.0, 0.0, 0.0, 0.0, 0.0, 0.0, 0.0, 0.0, 0.0, 0.0, 0.0]

State[17]: 4677551 6265137 7081581 9762961 10397476 10433697 11960676 12547375 15114750 16278220 20006855 20278185 21233366 24486564 25201625 25239348 26837306 28590183 30782066 30820740 32140814 32317024 32909350 33734692 37796870 38346403 40137661 40798786 42640327 43671368 43713307 52454277 53775919 54816155 54908068 57534324 57598381 59224600 62206675 62348808 65341046 66103183 68052188 68275180 70514988 71087285 72819559 73611033 76335835 77344184 79449118 80278790 80970912 81223084 82528187 82973834 85157040 85299454 87111015 88758587 89567131 89970412 91529370 91793857 92985130 95054430 97756486 97794678 97832964 97934105 100671094 101424533 103276648 108386533 108753789 109017259 110664141 111621651 113172509 115088640 116517060 120422966 120521292 120556900 121733542 121807023 122852865 126251158 130487988 136170400 136320525 138257344 139376967 139675873 140920669 143943888 ...
  actionType=0 isPlayer=True  value=-0.7407
  policy[:16]=[9.0, 0.0, 0.0, 0.0, 0.0, 0.0, 0.0, 0.0, 0.0, 0.0, 0.0, 0.0, 0.0, 0.0, 0.0, 0.0]

State[18]: 4677551 5222738 6265137 6921062 7081581 9762961 10051342 10397476 10433697 11960676 15114750 16278220 20006855 20278185 20966292 21233366 23939436 24486564 25201625 25239348 26837306 28590183 30782066 32140814 32317024 32909350 33734692 37796870 38346403 40137661 40798786 42045688 42640327 43671368 43713307 52454277 53775919 54476643 54816155 57534324 57598381 59224600 60182421 62206675 62348808 65341046 66103183 68052188 68275180 70514988 71087285 72819559 73611033 76335835 77344184 79449118 80278790 80970912 81223084 82528187 82973834 85157040 85299454 87111015 88758587 89389181 89567131 89850599 89970412 91529370 92985130 95054430 97756486 97794678 97832964 97934105 100671094 103276648 108386533 108753789 109017259 110664141 111621651 113172509 115088640 116517060 120422966 120521292 120556900 121807023 122852865 126251158 130487988 136170400 136320525 138257344 ...
  actionType=0 isPlayer=True  value=-0.7567
  policy[:16]=[24.0, 0.0, 0.0, 0.0, 0.0, 0.0, 0.0, 0.0, 0.0, 0.0, 0.0, 0.0, 0.0, 0.0, 0.0, 0.0]

State[19]: 4677551 5222738 6265137 6921062 7081581 9762961 10051342 10397476 10433697 11960676 15114750 16278220 20006855 20278185 20966292 21233366 23939436 24486564 25201625 25239348 26837306 28590183 30782066 32140814 32317024 32909350 33734692 37796870 38346403 40137661 40798786 42045688 42640327 43671368 43713307 52454277 53775919 54476643 54816155 57534324 57598381 59224600 60182421 62206675 62348808 65341046 66103183 68052188 68275180 70514988 71087285 72819559 73611033 76335835 77344184 79449118 80278790 80970912 81223084 82528187 82973834 85157040 85299454 87111015 88758587 89389181 89567131 89850599 89970412 91529370 92985130 95054430 97756486 97794678 97832964 97934105 100671094 103276648 108386533 108753789 109017259 110664141 111621651 113172509 115088640 116517060 120422966 120521292 120556900 121807023 122852865 126251158 130487988 136170400 136320525 138257344 ...
  actionType=0 isPlayer=True  value=-0.7735
  policy[:16]=[41.0, 0.0, 0.0, 0.0, 0.0, 0.0, 0.0, 0.0, 0.0, 0.0, 0.0, 0.0, 0.0, 0.0, 0.0, 0.0]

State[20]: 4677551 5222738 6265137 6921062 7081581 9762961 10051342 10397476 10433697 11960676 14481795 15114750 16278220 20006855 20278185 20287221 20966292 21233366 23939436 24486564 25201625 25239348 26837306 28590183 30782066 32140814 32317024 32909350 33734692 37796870 38346403 40137661 40798786 42045688 42640327 43671368 43713307 52454277 53775919 54476643 54816155 57534324 57598381 59224600 62206675 62348808 62427102 65341046 66103183 68052188 68275180 70514988 71087285 72819559 73611033 76335835 77344184 79449118 80278790 80970912 81223084 82528187 82973834 85157040 85299454 87111015 88758587 89389181 89567131 89850599 89970412 91529370 92985130 95054430 97756486 97794678 97832964 97934105 100671094 103276648 105111366 107924850 108386533 108753789 109017259 110664141 111621651 113172509 115088640 116517060 120422966 120521292 120556900 121807023 122852865 126251158 ...
  actionType=0 isPlayer=True  value=-0.7892
  policy[:16]=[15.0, 0.0, 0.0, 0.0, 0.0, 0.0, 0.0, 0.0, 0.0, 0.0, 0.0, 0.0, 0.0, 0.0, 0.0, 0.0]

State[21]: 4677551 5222738 6265137 6921062 7081581 9762961 10051342 10397476 10433697 11960676 14481795 15114750 16278220 20006855 20278185 20287221 20966292 21233366 23939436 24486564 25201625 25239348 26837306 28590183 30782066 32140814 32317024 32909350 33734692 37796870 38346403 40137661 40798786 42045688 42640327 43671368 43713307 52454277 53775919 54476643 54816155 57534324 57598381 59224600 62206675 62348808 62427102 65341046 66103183 68052188 68275180 70514988 71087285 72819559 73611033 76335835 77344184 79449118 80278790 80970912 81223084 82528187 82973834 85157040 85299454 87111015 88758587 89389181 89567131 89850599 89970412 91529370 92985130 95054430 97756486 97794678 97832964 97934105 100671094 103276648 105111366 107924850 108386533 108753789 109017259 110664141 111621651 113172509 115088640 116517060 120422966 120521292 120556900 121807023 122852865 126251158 ...
  actionType=0 isPlayer=True  value=-0.8110
  policy[:16]=[13.0, 0.0, 0.0, 0.0, 0.0, 0.0, 0.0, 0.0, 0.0, 0.0, 0.0, 0.0, 0.0, 0.0, 0.0, 0.0]

State[22]: 4677551 6265137 6641701 7081581 9762961 10397476 10433697 11960676 14481795 15114750 16112745 16278220 19522913 20006855 20278185 20287221 21233366 23435764 24486564 25201625 25239348 25561423 26837306 27917781 28590183 30782066 30820740 32140814 32317024 32909350 33734692 37796870 38346403 39888798 40137661 40798786 42640327 43671368 43713307 52454277 53775919 54816155 54908068 57534324 57598381 59224600 62206675 62348808 62427102 65341046 66103183 68052188 68275180 69782249 70514988 71087285 72819559 73611033 75295001 76335835 77344184 77691219 79449118 80278790 80970912 81223084 82528187 82973834 85157040 85299454 88758587 89567131 89970412 91529370 92985130 95054430 97756486 97794678 97934105 98198303 100671094 100922656 101424533 103276648 105111366 107924850 108386533 108753789 108778079 109017259 110664141 111621651 113172509 115088640 116517060 120422966 ...
  actionType=0 isPlayer=True  value=-0.8377
  policy[:16]=[4.0, 0.0, 0.0, 0.0, 0.0, 0.0, 0.0, 3.0, 0.0, 0.0, 0.0, 0.0, 0.0, 0.0, 0.0, 0.0]

State[23]: 4677551 6265137 6641701 7081581 9762961 10397476 10433697 11960676 14481795 15114750 16112745 16278220 19522913 20006855 20278185 20287221 20966292 21233366 24486564 25201625 25239348 25561423 26837306 27917781 28590183 30782066 32140814 32317024 32909350 33734692 37796870 38346403 39888798 40137661 40798786 42640327 43671368 43713307 52454277 53775919 54816155 57534324 57598381 59224600 60182421 62206675 62348808 62427102 65341046 65695462 66103183 68052188 68275180 69782249 70514988 71087285 72819559 73611033 75042564 75295001 76335835 77344184 77691219 79449118 80278790 80970912 81223084 82528187 82973834 85157040 85299454 85958382 88758587 88864271 89567131 89850599 89970412 91529370 92985130 95054430 97756486 97794678 97934105 98198303 100671094 100922656 103276648 105111366 107924850 108386533 108753789 108778079 109017259 110664141 111621651 113172509 ...
  actionType=0 isPlayer=True  value=-0.8516
  policy[:16]=[6.0, 0.0, 0.0, 0.0, 0.0, 0.0, 0.0, 0.0, 0.0, 0.0, 0.0, 0.0, 0.0, 0.0, 0.0, 0.0]

State[24]: 4677551 6265137 6641701 7081581 9762961 10397476 10433697 11960676 14481795 15114750 16112745 16278220 19522913 20006855 20278185 20287221 20966292 21233366 24486564 25201625 25239348 25561423 26837306 27917781 28590183 30782066 32140814 32317024 32909350 33734692 37796870 38346403 39888798 40137661 40798786 42640327 43671368 43713307 52454277 53775919 54816155 57534324 57598381 59224600 60182421 62206675 62348808 62427102 65341046 65695462 66103183 68052188 68275180 69782249 70514988 71087285 72819559 73611033 75042564 75295001 76335835 77344184 77691219 79449118 80278790 80970912 81223084 82528187 82973834 85157040 85299454 85958382 88758587 88864271 89567131 89850599 89970412 91529370 92985130 95054430 97756486 97794678 97934105 98198303 100671094 100922656 103276648 105111366 107924850 108386533 108753789 108778079 109017259 110664141 111621651 113172509 ...
  actionType=0 isPlayer=True  value=-0.8620
  policy[:16]=[9.0, 0.0, 0.0, 0.0, 0.0, 0.0, 0.0, 0.0, 0.0, 0.0, 0.0, 0.0, 0.0, 0.0, 0.0, 0.0]

State[25]: 4677551 6265137 6641701 7081581 9762961 10397476 10433697 11960676 15114750 16112745 16278220 19522913 20006855 20278185 20287221 20966292 21233366 24486564 25201625 25239348 25561423 26837306 27917781 28590183 30782066 32140814 32317024 32909350 33734692 37796870 38346403 39888798 40137661 40798786 42640327 43671368 43713307 52454277 53775919 54816155 57534324 57598381 59224600 62206675 62348808 65341046 65695462 66103183 68052188 68275180 69782249 70514988 71087285 72819559 72986543 73611033 75042564 75295001 76335835 77344184 77691219 79449118 80278790 80970912 81223084 82528187 82973834 85157040 85299454 85958382 88758587 88864271 89567131 89850599 89970412 91529370 92985130 95054430 97756486 97794678 97934105 98198303 100922656 103276648 107924850 108386533 108753789 108778079 109017259 110664141 111621651 113172509 115088640 116517060 119033613 120422966 ...
  actionType=0 isPlayer=True  value=-0.8726
  policy[:16]=[5.0, 0.0, 0.0, 0.0, 0.0, 0.0, 0.0, 0.0, 0.0, 0.0, 0.0, 0.0, 0.0, 0.0, 0.0, 0.0]

State[26]: 4677551 6265137 6641701 7081581 9762961 10397476 10433697 11960676 15114750 16112745 16278220 19522913 20006855 20278185 20287221 20966292 21233366 24486564 25201625 25239348 25561423 26837306 27917781 28590183 30782066 32140814 32317024 32909350 33734692 37796870 38346403 39888798 40137661 40798786 42640327 43671368 43713307 52454277 53775919 54816155 57534324 57598381 59224600 62206675 62348808 65341046 65695462 66103183 68052188 68275180 69782249 70514988 71087285 72819559 72986543 73611033 75042564 75295001 76335835 77344184 77691219 79449118 80278790 80970912 81223084 82528187 82973834 85157040 85299454 85958382 88758587 88864271 89567131 89850599 89970412 91529370 92985130 95054430 97756486 97794678 97934105 98198303 100922656 103276648 108386533 108753789 108778079 109017259 110664141 111621651 113172509 115088640 116517060 119033613 120422966 120521292 ...
  actionType=0 isPlayer=True  value=-0.8795
  policy[:16]=[13.0, 0.0, 0.0, 0.0, 0.0, 0.0, 0.0, 0.0, 0.0, 0.0, 0.0, 0.0, 0.0, 0.0, 0.0, 0.0]

State[27]: 4677551 6265137 6641701 7081581 9762961 10397476 10433697 11960676 15114750 16112745 16278220 19522913 20006855 20278185 20287221 20966292 21233366 24486564 25201625 25239348 25561423 26837306 27917781 28590183 30782066 32140814 32317024 32909350 33734692 37796870 38346403 39888798 40137661 40798786 42640327 43671368 43713307 52454277 53775919 54816155 57534324 57598381 59224600 62206675 62348808 65341046 65695462 66103183 68052188 68275180 69782249 70514988 71087285 72819559 72986543 73611033 75042564 75295001 76335835 77344184 77691219 79449118 80278790 80970912 81223084 82528187 82973834 85157040 85299454 85958382 88758587 88864271 89567131 89850599 89970412 91529370 92985130 95054430 97756486 97794678 97934105 98198303 100922656 103276648 108386533 108753789 108778079 109017259 110664141 111621651 113172509 115088640 116517060 119033613 120422966 120521292 ...
  actionType=3 isPlayer=True  value=-0.8830
  policy[:16]=[9.0, 0.0, 0.0, 0.0, 0.0, 0.0, 0.0, 0.0, 0.0, 0.0, 0.0, 0.0, 0.0, 0.0, 0.0, 0.0]

State[28]: 4677551 6265137 6641701 7081581 9762961 10397476 10433697 11960676 15114750 16112745 16278220 19522913 20006855 20064268 20278185 20287221 20966292 21233366 24486564 25201625 25239348 25561423 26837306 27917781 28590183 30782066 32140814 32317024 32909350 33734692 37796870 38346403 39888798 40137661 40798786 42640327 43671368 43713307 52454277 53775919 54816155 57534324 57598381 59224600 62206675 62348808 65341046 65695462 66103183 68052188 68275180 69782249 70514988 71087285 72819559 72986543 73611033 75042564 75295001 76335835 77344184 77691219 79449118 80278790 80970912 81223084 82528187 82973834 85157040 85299454 85958382 88758587 88864271 89567131 89850599 89970412 91529370 92985130 95054430 97756486 97794678 97934105 98198303 100922656 103276648 108386533 108753789 108778079 109017259 110664141 111621651 113172509 115088640 116517060 119033613 120422966 ...
  actionType=0 isPlayer=True  value=-0.8859
  policy[:16]=[20.0, 0.0, 0.0, 0.0, 0.0, 0.0, 0.0, 0.0, 0.0, 0.0, 0.0, 0.0, 0.0, 0.0, 0.0, 0.0]

State[29]: 4677551 6265137 6641701 7081581 9762961 10397476 10433697 11960676 12547375 15114750 16112745 16278220 19522913 20006855 20278185 20287221 21233366 24486564 25201625 25239348 25561423 26837306 27917781 28590183 30782066 32140814 32317024 32909350 33734692 35820771 37796870 38346403 39888798 40137661 40495438 40798786 42640327 43671368 43713307 48338051 52454277 53775919 54816155 57534324 57598381 59224600 62206675 62348808 65341046 66103183 68052188 68275180 69782249 70514988 71087285 72819559 72986543 73611033 74755422 75295001 76335835 77344184 77691219 79449118 80278790 80970912 81223084 82528187 82973834 85157040 85299454 88758587 89567131 89970412 91529370 91793857 92949262 92985130 95054430 97756486 97794678 97934105 98198303 100922656 103276648 108386533 108753789 108778079 109017259 110664141 111621651 113172509 115088640 116517060 120422966 120521292 ...
  actionType=0 isPlayer=True  value=-0.8900
  policy[:16]=[7.0, 6.0, 0.0, 0.0, 0.0, 0.0, 0.0, 0.0, 0.0, 0.0, 0.0, 0.0, 0.0, 0.0, 0.0, 0.0]


=== GEN 2 DATASET_STATS 2026-10-05T01:41:52.607195 ===
[load] data/UWTempo/ver0/testing
[stats] samples=18684
[stats] unique active raw feature indices =17066
[info] loaded feature vocab from checkpoint: 4415 rows
[stats] unique active feature indices in checkpoint vocab =4169
[stats] unique active feature indices after local ignore =3944
[stats] aggregated samples=18684 (pA=5795, pB=0, t=1464, b=942)

Top 50 most occurring feature indices:
  1. idx=25201625    count=18684
  2. idx=1120735673  count=18679
  3. idx=562810265   count=18677
  4. idx=1553864449  count=18677
  5. idx=897048270   count=18676
  6. idx=1631473220  count=18675
  7. idx=1180808003  count=18674
  8. idx=712632841   count=18667
  9. idx=1403637108  count=18663
 10. idx=1023802222  count=18660
 11. idx=2128751372  count=18660
 12. idx=108386533   count=18658
 13. idx=1083634318  count=18658
 14. idx=1145700954  count=18653
 15. idx=1853908098  count=18651
 16. idx=709654877   count=18650
 17. idx=1986511081  count=18650
 18. idx=1492725111  count=18648
 19. idx=1716680109  count=18642
 20. idx=1226690635  count=18638
 21. idx=2023454093  count=18633
 22. idx=1408436390  count=18628
 23. idx=1569162904  count=18610
 24. idx=1845719655  count=18610
 25. idx=24486564    count=18605
 26. idx=280477302   count=18604
 27. idx=1228814512  count=18604
 28. idx=92985130    count=18599
 29. idx=509171120   count=18594
 30. idx=158531961   count=18593
 31. idx=1190719792  count=18590
 32. idx=25239348    count=18575
 33. idx=20006855    count=18557
 34. idx=508037855   count=18550
 35. idx=1065650504  count=18546
 36. idx=327593765   count=18527
 37. idx=1130476223  count=18527
 38. idx=1697835508  count=18524
 39. idx=292685944   count=18523
 40. idx=689970337   count=18511
 41. idx=488893574   count=18491
 42. idx=1703333636  count=18483
 43. idx=872579612   count=18476
 44. idx=1059155065  count=18467
 45. idx=299482351   count=18465
 46. idx=969788457   count=18465
 47. idx=812282718   count=18463
 48. idx=727873020   count=18444
 49. idx=1220955862  count=18436
 50. idx=1811432097  count=18435

=== Preview ===
State[0]: 3540456 4677551 8930596 10433697 11960676 15114750 19028764 20006855 23435764 24486564 25201625 25239348 28590183 30820740 32140814 35003562 37796870 40113192 40798786 42640327 43671368 44117653 52454277 54908068 57534324 57598381 59533565 60066325 62206675 62427102 65341046 66103183 68275180 71087285 71222530 72819559 75814716 76335835 80278790 81536514 82973834 85157040 88758587 89567131 92985130 95054430 97756486 99938849 101424533 103276648 104113053 105111366 107229640 108386533 108753789 109017259 116517060 118642407 120556900 121807023 130487988 130966626 135376535 138257344 144718109 145373257 146975547 149241262 149738494 151196389 151640384 152235937 152410594 154250790 158001544 158114270 158531961 160959159 163366261 164734693 170490722 171516248 171605025 175204974 177276388 179063798 182606729 188659523 192941518 193993319 202317186 204017132 205598178 206305273 207072992 209349923 ...
  actionType=5 isPlayer=True  value=-0.3571
  policy[:16]=[1.0, 0.0, 0.0, 0.0, 0.0, 0.0, 0.0, 0.0, 0.0, 0.0, 0.0, 0.0, 0.0, 0.0, 0.0, 0.0]

State[1]: 4677551 8930596 10433697 11960676 15114750 19028764 20006855 23435764 24486564 25201625 25239348 28590183 30782066 30820740 32140814 37796870 40137661 40798786 42640327 43671368 52454277 54816155 54908068 57534324 57598381 65341046 66103183 68052188 68275180 71087285 72819559 73611033 76335835 77344184 80278790 81536514 82973834 85157040 88758587 89567131 92985130 95054430 97756486 101424533 103276648 104045198 108386533 109017259 110664141 116517060 120556900 121807023 129788275 130487988 136170400 138257344 140920669 142689893 144545824 144718109 146975547 149738494 151196389 151640384 158001544 158114270 158531961 160932818 160959159 163366261 164734693 170490722 171605025 177276388 179063798 192941518 193993319 209349923 219399088 223868460 232551538 235903079 237708167 240409359 245742685 246869626 249448446 252948893 253684086 255072829 256660345 257076150 257704646 264587774 269338083 269604735 ...
  actionType=0 isPlayer=True  value=-0.3742
  policy[:16]=[11.0, 0.0, 0.0, 0.0, 0.0, 0.0, 0.0, 0.0, 0.0, 0.0, 0.0, 0.0, 0.0, 0.0, 0.0, 0.0]

State[2]: 4677551 8930596 10433697 11960676 15114750 19028764 20006855 23435764 24486564 25201625 25239348 28590183 30782066 30820740 32140814 37796870 40137661 40798786 42640327 43671368 52454277 54816155 54908068 57534324 57598381 65341046 66103183 68052188 68275180 71087285 72819559 73611033 76335835 77344184 80278790 81536514 82973834 85157040 88758587 89567131 92985130 95054430 97756486 101424533 103276648 104045198 108386533 109017259 110664141 116517060 120556900 121807023 129788275 130487988 136170400 138257344 140920669 142689893 144545824 144718109 146975547 149738494 151196389 151640384 158001544 158114270 158531961 160932818 160959159 163366261 164734693 170490722 171605025 177276388 179063798 192941518 193993319 209349923 219399088 223868460 232551538 235903079 237708167 240409359 245742685 246869626 249448446 252948893 253684086 255072829 256660345 257076150 257704646 264587774 269338083 269604735 ...
  actionType=0 isPlayer=True  value=-0.3933
  policy[:16]=[15.0, 0.0, 0.0, 0.0, 0.0, 0.0, 0.0, 0.0, 0.0, 0.0, 0.0, 0.0, 0.0, 0.0, 0.0, 0.0]

State[3]: 4677551 8930596 10433697 11960676 15114750 19028764 20006855 23435764 24486564 25201625 25239348 28590183 30782066 30820740 32140814 37796870 40137661 40798786 42640327 43671368 52454277 54816155 54908068 57534324 57598381 65341046 66103183 68052188 68275180 71087285 72819559 73611033 76335835 77344184 80278790 81536514 82973834 85157040 88758587 89567131 92985130 95054430 97756486 101424533 103276648 104045198 108386533 109017259 110664141 116517060 120556900 121807023 129788275 130487988 136170400 138257344 140920669 142689893 144545824 144718109 146975547 149738494 151196389 151640384 158001544 158114270 158531961 160932818 160959159 163366261 164734693 170490722 171605025 177276388 179063798 192941518 193993319 209349923 219399088 223868460 232551538 235903079 237708167 240409359 245742685 246869626 249448446 252948893 253684086 255072829 256660345 257076150 257704646 264587774 269338083 269604735 ...
  actionType=0 isPlayer=True  value=-0.4067
  policy[:16]=[20.0, 0.0, 0.0, 0.0, 0.0, 0.0, 0.0, 0.0, 0.0, 0.0, 0.0, 0.0, 0.0, 0.0, 0.0, 0.0]

State[4]: 4677551 8930596 10433697 11960676 14175082 15114750 16112745 19028764 19522913 20006855 23435764 24486564 25201625 25239348 27917781 28590183 30782066 30820740 32140814 37796870 39888798 40137661 40798786 42640327 43671368 52454277 54816155 54908068 57534324 57598381 62206675 65341046 66103183 68052188 68275180 69782249 71087285 72819559 73611033 75295001 76335835 77344184 80278790 81536514 82973834 85157040 88758587 89567131 92985130 95054430 97756486 100922656 101424533 103276648 104045198 108386533 108778079 109017259 110664141 116517060 120556900 121807023 122852865 129788275 130487988 136170400 138257344 140845120 140920669 142689893 144545824 144718109 146975547 149738494 151196389 151640384 158001544 158114270 158531961 160959159 163366261 164734693 170490722 171605025 177276388 179063798 181047381 192941518 193993319 197096393 202317186 209349923 219399088 223868460 225569179 232416880 ...
  actionType=0 isPlayer=True  value=-0.4214
  policy[:16]=[29.0, 0.0, 0.0, 0.0, 0.0, 0.0, 0.0, 0.0, 0.0, 0.0, 0.0, 0.0, 0.0, 0.0, 0.0, 0.0]

State[5]: 4677551 8930596 10433697 11960676 14175082 15114750 16112745 19028764 19522913 20006855 23435764 24486564 25201625 25239348 27917781 28590183 30782066 30820740 32140814 37796870 39888798 40137661 40798786 42640327 43671368 52454277 54816155 54908068 57534324 57598381 62206675 65341046 66103183 68052188 68275180 69782249 71087285 72819559 73611033 75295001 76335835 77344184 80278790 81536514 82973834 85157040 88758587 89567131 92985130 95054430 97756486 100922656 101424533 103276648 104045198 108386533 108778079 109017259 110664141 116517060 120556900 121807023 122852865 129788275 130487988 136170400 138257344 140845120 140920669 142689893 144545824 144718109 146975547 149738494 151196389 151640384 158001544 158114270 158531961 160959159 163366261 164734693 170490722 171605025 177276388 179063798 181047381 192941518 193993319 197096393 202317186 209349923 219399088 223868460 225569179 232416880 ...
  actionType=0 isPlayer=True  value=-0.4319
  policy[:16]=[47.0, 0.0, 0.0, 0.0, 0.0, 0.0, 0.0, 0.0, 0.0, 0.0, 0.0, 0.0, 0.0, 0.0, 0.0, 0.0]

State[6]: 4677551 8930596 10433697 11960676 14175082 15114750 16112745 19028764 19522913 20006855 23435764 24486564 25201625 25239348 27917781 28590183 30782066 30820740 32140814 33734692 37796870 39888798 40137661 40798786 42640327 43671368 52454277 54816155 54908068 57534324 57598381 62206675 65341046 66103183 68052188 68275180 69782249 71087285 72819559 73611033 75295001 76335835 77344184 80278790 81536514 82973834 85157040 88758587 89567131 92985130 95054430 97756486 97934105 100922656 101424533 103276648 104045198 108386533 108778079 109017259 110664141 116517060 120556900 121807023 122852865 129788275 130487988 136170400 137103792 138257344 140845120 140920669 142689893 144545824 144718109 146975547 147793759 149738494 151196389 151640384 153257643 158001544 158114270 158531961 160959159 162483559 163366261 164103934 164734693 170490722 171605025 177276388 179063798 181047381 189811097 192941518 ...
  actionType=0 isPlayer=True  value=-0.4468
  policy[:16]=[56.0, 0.0, 0.0, 0.0, 0.0, 0.0, 0.0, 0.0, 0.0, 0.0, 0.0, 0.0, 0.0, 0.0, 0.0, 0.0]

State[7]: 4677551 8930596 10433697 11960676 14175082 15114750 16112745 19028764 19522913 20006855 23435764 24486564 25201625 25239348 27917781 28590183 30782066 30820740 32140814 33734692 37796870 39888798 40137661 40798786 42640327 43671368 52454277 54816155 54908068 57534324 57598381 62206675 65341046 66103183 68052188 68275180 69782249 71087285 72819559 73611033 75295001 76335835 77344184 80278790 81536514 82973834 85157040 88758587 89567131 92985130 95054430 97756486 97934105 100922656 101424533 103276648 104045198 108386533 108778079 109017259 110664141 116517060 120556900 121807023 122852865 129788275 130487988 136170400 137103792 138257344 140845120 140920669 142689893 144545824 144718109 146975547 147793759 149738494 151196389 151640384 153257643 158001544 158114270 158531961 160959159 162483559 163366261 164103934 164734693 170490722 171605025 177276388 179063798 181047381 189811097 192941518 ...
  actionType=0 isPlayer=True  value=-0.4637
  policy[:16]=[69.0, 0.0, 0.0, 0.0, 0.0, 0.0, 0.0, 0.0, 0.0, 0.0, 0.0, 0.0, 0.0, 0.0, 0.0, 0.0]

State[8]: 4677551 8930596 10433697 11960676 14175082 15114750 16112745 19028764 19522913 20006855 23435764 24486564 25201625 25239348 27917781 28590183 30782066 30820740 32140814 33734692 37796870 39888798 40137661 40798786 42640327 43671368 52454277 54816155 54908068 57534324 57598381 62206675 65341046 66103183 68052188 68275180 69782249 71087285 72819559 73611033 75295001 76335835 77344184 80278790 81536514 82973834 85157040 88758587 89567131 92985130 95054430 97756486 97934105 100922656 101424533 103276648 104045198 108386533 108778079 109017259 110664141 116517060 120556900 121807023 122852865 129788275 130487988 136170400 137103792 138257344 140845120 140920669 142689893 144545824 144718109 146975547 147793759 149738494 151196389 151640384 153257643 158001544 158114270 158531961 160959159 162483559 163366261 164103934 164734693 170490722 171605025 177276388 179063798 181047381 189811097 192941518 ...
  actionType=3 isPlayer=True  value=-0.4829
  policy[:16]=[0.0, 0.0, 0.0, 19.0, 0.0, 11.0, 0.0, 0.0, 0.0, 0.0, 0.0, 0.0, 0.0, 0.0, 0.0, 0.0]

State[9]: 4677551 7081581 8930596 10397476 10433697 11960676 14175082 15114750 16112745 19522913 20006855 23435764 24486564 25201625 25239348 27917781 28590183 30782066 30820740 32140814 33734692 37796870 39888798 40137661 40798786 42640327 43671368 52454277 54816155 54908068 57534324 57598381 62206675 65341046 66103183 68052188 68275180 69782249 71087285 72819559 73611033 75295001 76335835 77344184 80278790 81536514 82973834 85157040 88758587 89567131 92985130 95054430 97756486 97934105 98198303 100922656 101424533 103276648 104045198 108386533 108778079 109017259 110664141 116517060 120556900 121807023 122852865 129788275 130487988 136170400 137103792 138257344 140845120 140920669 142689893 144545824 144718109 146975547 147793759 149738494 151196389 151640384 153257643 158001544 158114270 158531961 160959159 161300454 162483559 163366261 164103934 164734693 167639695 168430835 170490722 171605025 ...
  actionType=0 isPlayer=True  value=-0.5029
  policy[:16]=[22.0, 0.0, 0.0, 0.0, 0.0, 0.0, 0.0, 0.0, 0.0, 0.0, 0.0, 0.0, 0.0, 0.0, 0.0, 0.0]

State[10]: 4677551 7081581 8930596 10397476 10433697 11960676 14175082 15114750 16112745 19522913 20006855 23435764 24486564 25201625 25239348 27917781 28590183 30782066 30820740 32140814 33734692 37796870 39888798 40137661 40798786 42640327 43671368 52454277 54816155 54908068 57534324 57598381 62206675 65341046 66103183 68052188 68275180 69782249 71087285 72819559 73611033 75295001 76335835 77344184 80278790 81536514 82973834 85157040 88758587 89567131 92985130 95054430 97756486 97934105 98198303 100922656 101424533 103276648 104045198 108386533 108778079 109017259 110664141 116517060 120556900 121807023 122852865 129788275 130487988 136170400 137103792 138257344 140845120 140920669 142689893 144545824 144718109 146975547 147793759 149738494 151196389 151640384 153257643 158001544 158114270 158531961 160959159 161300454 162483559 163366261 164103934 164734693 167639695 168430835 170490722 171605025 ...
  actionType=0 isPlayer=True  value=-0.5176
  policy[:16]=[48.0, 0.0, 0.0, 0.0, 0.0, 0.0, 0.0, 0.0, 0.0, 0.0, 0.0, 0.0, 0.0, 0.0, 0.0, 0.0]

State[11]: 4677551 7081581 8930596 9762961 10397476 10433697 11960676 14175082 15114750 16112745 19522913 19919652 20006855 23435764 24486564 25201625 25239348 27917781 28590183 30782066 30820740 32140814 33734692 37796870 39888798 40137661 40798786 42640327 43671368 52454277 54816155 54908068 57534324 57598381 62206675 65341046 66103183 68052188 68275180 69782249 71087285 72819559 73611033 75295001 76335835 77344184 80278790 81536514 82973834 85157040 88758587 89567131 92985130 95054430 97756486 97934105 98198303 100922656 101424533 103276648 104045198 108386533 108778079 109017259 110664141 116517060 117009879 120556900 121807023 122852865 129788275 130487988 136170400 137103792 138257344 140845120 140920669 142689893 144545824 144718109 146975547 147793759 149738494 151196389 151640384 153257643 158001544 158114270 158531961 160959159 161300454 162483559 163366261 164103934 164734693 167639695 ...
  actionType=0 isPlayer=True  value=-0.5360
  policy[:16]=[73.0, 0.0, 0.0, 0.0, 0.0, 0.0, 0.0, 0.0, 0.0, 0.0, 0.0, 0.0, 0.0, 0.0, 0.0, 0.0]

State[12]: 4677551 7081581 8930596 9762961 10397476 10433697 11960676 14175082 15114750 16112745 19522913 19919652 20006855 23435764 24486564 25201625 25239348 27917781 28590183 30782066 30820740 32140814 33734692 37796870 39888798 40137661 40798786 42640327 43671368 52454277 54816155 54908068 57534324 57598381 62206675 65341046 66103183 68052188 68275180 69782249 71087285 72819559 73611033 75295001 76335835 77344184 80278790 81536514 82973834 85157040 88758587 89567131 92985130 95054430 97756486 97934105 98198303 100922656 101424533 103276648 104045198 108386533 108778079 109017259 110664141 116517060 117009879 120556900 121807023 122852865 129788275 130487988 136170400 137103792 138257344 140845120 140920669 142689893 144545824 144718109 146975547 147793759 149738494 151196389 151640384 153257643 158001544 158114270 158531961 160959159 161300454 162483559 163366261 164103934 164734693 167639695 ...
  actionType=0 isPlayer=True  value=-0.5552
  policy[:16]=[97.0, 0.0, 0.0, 0.0, 0.0, 0.0, 0.0, 0.0, 0.0, 0.0, 0.0, 0.0, 0.0, 0.0, 0.0, 0.0]

State[13]: 4677551 7081581 8930596 9762961 10397476 10433697 11960676 14175082 15114750 16112745 19522913 19919652 20006855 23435764 24486564 25201625 25239348 27917781 28590183 30782066 30820740 32140814 33734692 37796870 39888798 40137661 40798786 42640327 43671368 52454277 54816155 54908068 57534324 57598381 62206675 65341046 66103183 68052188 68275180 69782249 71087285 72819559 73611033 75295001 76335835 77344184 80278790 81536514 82973834 85157040 88758587 89567131 92985130 95054430 97756486 97934105 98198303 100922656 101424533 103276648 104045198 108386533 108778079 109017259 110664141 116517060 117009879 120556900 121807023 122852865 129788275 130487988 136170400 137103792 138257344 140845120 140920669 142689893 144545824 144718109 146975547 147793759 149738494 151196389 151640384 153257643 158001544 158114270 158531961 160959159 161300454 162483559 163366261 164103934 164734693 167639695 ...
  actionType=3 isPlayer=True  value=-0.5748
  policy[:16]=[0.0, 19.0, 0.0, 19.0, 0.0, 18.0, 0.0, 0.0, 0.0, 0.0, 0.0, 0.0, 0.0, 0.0, 0.0, 0.0]

State[14]: 4677551 7081581 8930596 9762961 10397476 10433697 11960676 14175082 15114750 16112745 19522913 19919652 20006855 23435764 24486564 25201625 25239348 25561423 27917781 28590183 30782066 30820740 32140814 33734692 37796870 39888798 40137661 40798786 42640327 43671368 52454277 54816155 54908068 57534324 57598381 62206675 62427102 65341046 66103183 68052188 68275180 69782249 71087285 72819559 73611033 75295001 76335835 77344184 80278790 81536514 82973834 85157040 88758587 89567131 92985130 95054430 97756486 97934105 98198303 100922656 101424533 103276648 104045198 108386533 108778079 109017259 110664141 116517060 120556900 121807023 122852865 129788275 130487988 136170400 137103792 138257344 140845120 140920669 142689893 144545824 144718109 146975547 147793759 149738494 151196389 151640384 152235937 153257643 158001544 158114270 158531961 160959159 162483559 163366261 164103934 164734693 ...
  actionType=0 isPlayer=True  value=-0.5939
  policy[:16]=[8.0, 0.0, 0.0, 0.0, 0.0, 0.0, 0.0, 0.0, 0.0, 0.0, 0.0, 0.0, 0.0, 0.0, 0.0, 0.0]

State[15]: 4677551 7081581 8930596 9762961 10397476 10433697 11960676 14175082 15114750 16112745 19522913 19919652 20006855 23435764 24486564 25201625 25239348 25561423 27917781 28590183 30782066 30820740 32140814 33734692 37796870 39888798 40137661 40798786 42640327 43671368 52454277 54816155 54908068 57534324 57598381 62206675 62427102 65341046 66103183 68052188 68275180 69782249 71087285 72819559 73611033 75295001 76335835 77344184 80278790 81536514 82973834 85157040 88758587 89567131 92985130 95054430 97756486 97934105 98198303 100922656 101424533 103276648 104045198 108386533 108778079 109017259 110664141 116517060 120556900 121807023 122852865 129788275 130487988 136170400 137103792 138257344 140845120 140920669 142689893 144545824 144718109 146975547 147793759 149738494 151196389 151640384 152235937 153257643 158001544 158114270 158531961 160959159 162483559 163366261 164103934 164734693 ...
  actionType=0 isPlayer=True  value=-0.6154
  policy[:16]=[16.0, 0.0, 0.0, 0.0, 0.0, 0.0, 0.0, 0.0, 0.0, 0.0, 0.0, 0.0, 0.0, 0.0, 0.0, 0.0]

State[16]: 4677551 7081581 7916232 8930596 9762961 10397476 10433697 11960676 14175082 15114750 16112745 19522913 19919652 20006855 23435764 24486564 25201625 25239348 25561423 27917781 28540819 28590183 30782066 30820740 32140814 33734692 37796870 39888798 40137661 40798786 42640327 43671368 52454277 54816155 54908068 57534324 57598381 62206675 62348808 62427102 65341046 66103183 68052188 68275180 69782249 70514988 71087285 72819559 73611033 75295001 76335835 77344184 80278790 81536514 82973834 85157040 88758587 89567131 92985130 95054430 97756486 97934105 98198303 99617128 100922656 101424533 103276648 104045198 108386533 108778079 109017259 110664141 116517060 117009879 120556900 121807023 122852865 129788275 130487988 131434194 136170400 137103792 138257344 140845120 140920669 142689893 144545824 144718109 146975547 147793759 149738494 151196389 151640384 152235937 153257643 158001544 ...
  actionType=0 isPlayer=True  value=-0.6340
  policy[:16]=[8.0, 0.0, 0.0, 0.0, 0.0, 0.0, 0.0, 0.0, 0.0, 0.0, 0.0, 0.0, 0.0, 0.0, 0.0, 0.0]

State[17]: 4677551 7081581 7916232 8930596 9762961 10397476 10433697 11960676 14175082 15114750 16112745 19522913 19919652 20006855 23435764 24486564 25201625 25239348 25561423 27917781 28540819 28590183 30782066 30820740 32140814 33734692 37796870 39888798 40137661 40798786 42640327 43671368 52454277 54816155 54908068 57534324 57598381 62206675 62348808 62427102 65341046 66103183 68052188 68275180 69782249 70514988 71087285 72819559 73611033 75295001 76335835 77344184 80278790 81536514 82973834 85157040 88758587 89567131 92985130 95054430 97756486 97934105 98198303 99617128 100922656 101424533 103276648 104045198 108386533 108778079 109017259 110664141 116517060 117009879 120556900 121807023 122852865 129788275 130487988 131434194 136170400 137103792 138257344 140845120 140920669 142689893 144545824 144718109 146975547 147793759 149738494 151196389 151640384 152235937 153257643 158001544 ...
  actionType=0 isPlayer=True  value=-0.6633
  policy[:16]=[16.0, 0.0, 0.0, 0.0, 0.0, 0.0, 0.0, 0.0, 0.0, 0.0, 0.0, 0.0, 0.0, 0.0, 0.0, 0.0]

State[18]: 4677551 7081581 7916232 8930596 9762961 10397476 10433697 11960676 14175082 15114750 16112745 19522913 19919652 20006855 23435764 24486564 25201625 25239348 25561423 27917781 28540819 28590183 30782066 30820740 32140814 33734692 37796870 39888798 40137661 40798786 42640327 43671368 52454277 54816155 54908068 57534324 57598381 62206675 62348808 62427102 65341046 66103183 68052188 68275180 69782249 70514988 71087285 72819559 73611033 75295001 76335835 77344184 80278790 81536514 82973834 85157040 88758587 89567131 92985130 95054430 97756486 97934105 98198303 99617128 100922656 101424533 103276648 104045198 108386533 108778079 109017259 110664141 116517060 117009879 120556900 121807023 122852865 129788275 130487988 131434194 136170400 137103792 138257344 140845120 140920669 142689893 144545824 144718109 146975547 147793759 149738494 151196389 151640384 152235937 153257643 158001544 ...
  actionType=3 isPlayer=True  value=-0.6865
  policy[:16]=[0.0, 0.0, 0.0, 7.0, 0.0, 5.0, 0.0, 0.0, 0.0, 0.0, 0.0, 0.0, 0.0, 0.0, 0.0, 0.0]

State[19]: 4677551 6265137 7081581 7916232 8930596 9257887 9762961 10397476 10433697 11960676 14481795 15114750 16112745 16278220 19522913 19919652 20006855 23435764 24486564 25201625 25239348 25561423 27917781 28540819 28590183 30782066 30820740 32140814 32317024 32909350 33734692 37796870 39888798 40137661 40798786 42640327 43671368 52454277 54816155 54908068 57534324 57598381 62206675 62348808 62427102 65341046 66103183 68052188 68275180 69782249 70514988 71087285 72819559 72986543 73611033 75295001 76335835 77344184 80278790 81536514 82973834 85157040 88758587 89567131 89970412 92985130 95054430 97756486 97934105 98198303 99617128 100922656 101424533 103276648 108386533 108778079 109017259 110664141 113172509 116517060 120556900 121807023 122852865 129788275 130487988 130560623 131434194 136170400 137103792 138257344 140845120 140920669 142689893 143943888 144545824 144718109 ...
  actionType=0 isPlayer=True  value=-0.7227
  policy[:16]=[8.0, 0.0, 0.0, 0.0, 0.0, 0.0, 0.0, 0.0, 0.0, 0.0, 0.0, 0.0, 0.0, 0.0, 0.0, 0.0]

State[20]: 4677551 6265137 7081581 7916232 8930596 9257887 9762961 10397476 10433697 11960676 14481795 15114750 16112745 16278220 19522913 19919652 20006855 23435764 24486564 25201625 25239348 25561423 27917781 28540819 28590183 30782066 30820740 32140814 32317024 32909350 33734692 37796870 39888798 40137661 40798786 42640327 43671368 52454277 54816155 54908068 57534324 57598381 62206675 62348808 62427102 65341046 66103183 68052188 68275180 69782249 70514988 71087285 72819559 72986543 73611033 75295001 76335835 77344184 80278790 81536514 82973834 85157040 88758587 89567131 89970412 92985130 95054430 97756486 97934105 98198303 99617128 100922656 101424533 103276648 108386533 108778079 109017259 110664141 113172509 116517060 120556900 121807023 122852865 129788275 130487988 130560623 131434194 136170400 137103792 138257344 140845120 140920669 142689893 143943888 144545824 144718109 ...
  actionType=0 isPlayer=True  value=-0.7419
  policy[:16]=[26.0, 0.0, 0.0, 0.0, 0.0, 0.0, 0.0, 0.0, 0.0, 0.0, 0.0, 0.0, 0.0, 0.0, 0.0, 0.0]

State[21]: 4677551 6265137 7081581 7916232 8930596 9257887 9762961 10397476 10433697 11960676 14481795 15114750 16112745 16278220 19522913 19919652 20006855 23435764 24486564 25201625 25239348 25561423 27917781 28540819 28590183 30782066 30820740 32140814 32317024 32909350 33734692 37796870 39888798 40137661 40798786 42640327 43671368 52454277 54816155 54908068 57534324 57598381 62206675 62348808 62427102 65341046 66103183 68052188 68275180 69782249 70514988 71087285 72819559 72986543 73611033 75295001 76335835 77344184 80278790 81536514 82973834 85157040 88758587 89567131 89970412 92985130 95054430 97756486 97934105 98198303 99617128 100922656 101424533 103276648 108386533 108778079 109017259 110664141 113172509 116517060 118656359 120556900 121807023 122852865 129788275 130487988 130560623 131434194 136170400 137103792 138257344 140845120 140920669 142689893 143943888 144545824 ...
  actionType=0 isPlayer=True  value=-0.7621
  policy[:16]=[35.0, 0.0, 0.0, 0.0, 0.0, 0.0, 0.0, 0.0, 0.0, 0.0, 0.0, 0.0, 0.0, 0.0, 0.0, 0.0]

State[22]: 4677551 6265137 7081581 7916232 8930596 9257887 9762961 10397476 10433697 11960676 14481795 15114750 16112745 16278220 19522913 19919652 20006855 23435764 24486564 25201625 25239348 25561423 27917781 28540819 28590183 30782066 30820740 32140814 32317024 32909350 33734692 37796870 39888798 40137661 40798786 42640327 43671368 52454277 54816155 54908068 57534324 57598381 62206675 62348808 62427102 65341046 66103183 68052188 68275180 69782249 70514988 71087285 72819559 72986543 73611033 75295001 76335835 77344184 80278790 81536514 82973834 85157040 88758587 89567131 89970412 92985130 95054430 97756486 97934105 98198303 99617128 100922656 101424533 103276648 108386533 108778079 109017259 110664141 113172509 116517060 118656359 120556900 121807023 122852865 129788275 130487988 130560623 131434194 136170400 137103792 138257344 140845120 140920669 142689893 143943888 144545824 ...
  actionType=0 isPlayer=True  value=-0.7791
  policy[:16]=[62.0, 0.0, 0.0, 0.0, 0.0, 0.0, 0.0, 0.0, 0.0, 0.0, 0.0, 0.0, 0.0, 0.0, 0.0, 0.0]

State[23]: 4677551 6265137 7081581 7916232 8930596 9257887 9762961 10397476 10433697 11960676 14481795 15114750 16112745 16278220 19522913 19919652 20006855 23435764 24486564 25201625 25239348 25561423 27917781 28540819 28590183 30782066 30820740 32140814 32317024 32909350 33734692 37796870 39888798 40137661 40798786 42640327 43671368 52454277 54816155 54908068 57534324 57598381 62206675 62348808 62427102 65341046 66103183 68052188 68275180 69782249 70514988 71087285 72819559 72986543 73611033 75295001 76335835 77344184 80278790 81536514 82973834 85157040 88758587 89567131 89970412 92985130 95054430 97756486 97934105 98198303 99617128 100922656 101424533 103276648 108386533 108778079 109017259 110664141 113172509 116517060 118656359 120556900 121807023 122852865 129788275 130487988 130560623 131434194 136170400 137103792 138257344 140845120 140920669 142689893 143943888 144545824 ...
  actionType=3 isPlayer=True  value=-0.7956
  policy[:16]=[0.0, 0.0, 0.0, 11.0, 0.0, 11.0, 0.0, 0.0, 0.0, 0.0, 0.0, 0.0, 0.0, 0.0, 0.0, 0.0]

State[24]: 4677551 6265137 7081581 7916232 8930596 9257887 9762961 10397476 10433697 11960676 14481795 15114750 15808742 16112745 16278220 19522913 19919652 20006855 23435764 24486564 25201625 25239348 25561423 27917781 28540819 28590183 30782066 30820740 32140814 32317024 32909350 33734692 37796870 39888798 40137661 40798786 42640327 43671368 43713307 52454277 54816155 54908068 57534324 57598381 62206675 62348808 62427102 65341046 66103183 68052188 68275180 69782249 70514988 71087285 72819559 72986543 73611033 75295001 76335835 77344184 81536514 82973834 85157040 88758587 89567131 89970412 92985130 95054430 97756486 97934105 98198303 99617128 100922656 101424533 103276648 108386533 108778079 109017259 110664141 113172509 116517060 118656359 120556900 121807023 122852865 129788275 130487988 130560623 131434194 136170400 137103792 138257344 140845120 140920669 142689893 143943888 ...
  actionType=0 isPlayer=True  value=-0.8133
  policy[:16]=[8.0, 0.0, 0.0, 0.0, 0.0, 0.0, 0.0, 0.0, 0.0, 0.0, 0.0, 0.0, 0.0, 0.0, 0.0, 0.0]

State[25]: 4677551 6265137 7081581 7916232 8930596 9257887 9762961 10397476 10433697 11960676 14481795 15114750 15808742 16112745 16278220 19522913 19919652 20006855 23435764 24486564 25201625 25239348 25561423 27917781 28540819 28590183 30782066 30820740 32140814 32317024 32909350 33734692 37796870 39888798 40137661 40798786 42640327 43671368 43713307 52454277 54816155 54908068 57534324 57598381 62206675 62348808 62427102 65341046 66103183 68052188 68275180 69782249 70514988 71087285 72819559 72986543 73611033 75295001 76335835 77344184 81536514 82973834 85157040 88758587 89567131 89970412 92985130 95054430 97756486 97934105 98198303 99617128 100922656 101424533 103276648 108386533 108778079 109017259 110664141 113172509 116517060 118656359 120556900 121807023 122852865 129788275 130487988 130560623 131434194 136170400 137103792 138257344 140845120 140920669 142689893 143943888 ...
  actionType=0 isPlayer=True  value=-0.8217
  policy[:16]=[20.0, 0.0, 0.0, 0.0, 0.0, 0.0, 0.0, 0.0, 0.0, 0.0, 0.0, 0.0, 0.0, 0.0, 0.0, 0.0]

State[26]: 4677551 6265137 7081581 7916232 8930596 9257887 9762961 10397476 10433697 11960676 14481795 15114750 15808742 16112745 16278220 19522913 19919652 20006855 23435764 24486564 25201625 25239348 25561423 27917781 28540819 28590183 30782066 30820740 32140814 32317024 32909350 33734692 37796870 39888798 40137661 40798786 42640327 43671368 43713307 52454277 54816155 54820091 54908068 57534324 57598381 62206675 62348808 62427102 65341046 66103183 68052188 68275180 69782249 70514988 71087285 72819559 72986543 73611033 75295001 76335835 77344184 81223084 81536514 82973834 83668561 85157040 88758587 89567131 89970412 92985130 95054430 95419470 97756486 97934105 98198303 99617128 100922656 101424533 103276648 108386533 108778079 109017259 110664141 113172509 116517060 118656359 120556900 121807023 122852865 129788275 130487988 130560623 131434194 136170400 137103792 138257344 ...
  actionType=0 isPlayer=True  value=-0.8306
  policy[:16]=[16.0, 0.0, 0.0, 0.0, 0.0, 0.0, 0.0, 0.0, 0.0, 0.0, 0.0, 0.0, 0.0, 0.0, 0.0, 0.0]

State[27]: 4677551 6265137 7081581 7916232 8930596 9257887 9762961 10397476 10433697 11960676 14481795 15114750 15808742 16112745 16278220 19522913 19919652 20006855 23435764 24486564 25201625 25239348 25561423 27917781 28540819 28590183 30782066 30820740 32140814 32317024 32909350 33734692 37796870 39888798 40137661 40798786 42640327 43671368 43713307 52454277 54816155 54820091 54908068 57534324 57598381 62206675 62348808 62427102 65341046 66103183 68052188 68275180 69782249 70514988 71087285 72819559 72986543 73611033 75295001 76335835 77344184 81223084 81536514 82973834 83668561 85157040 88758587 89567131 89970412 92985130 95054430 97756486 97934105 98198303 99617128 100922656 101424533 103276648 108386533 108778079 109017259 110664141 113172509 116517060 118656359 120556900 121807023 122852865 129788275 130487988 130560623 131434194 136170400 137103792 138257344 140845120 ...
  actionType=0 isPlayer=True  value=-0.8418
  policy[:16]=[35.0, 0.0, 0.0, 0.0, 0.0, 0.0, 0.0, 0.0, 0.0, 0.0, 0.0, 0.0, 0.0, 0.0, 0.0, 0.0]

State[28]: 4677551 6265137 7081581 7916232 8930596 9257887 9762961 10397476 10433697 11960676 14481795 15114750 15808742 16112745 16278220 19522913 19919652 20006855 23435764 24486564 25201625 25239348 25561423 27917781 28540819 28590183 30782066 30820740 32140814 32317024 32909350 33734692 37796870 39888798 40137661 40798786 42640327 43671368 43713307 52454277 54816155 54820091 54908068 57534324 57598381 62206675 62348808 62427102 65341046 66103183 68052188 68275180 69782249 70514988 71087285 72819559 72986543 73611033 75295001 76335835 77344184 81223084 81536514 82973834 83668561 85157040 88758587 89567131 89970412 92985130 95054430 97756486 97934105 98198303 99617128 100922656 101424533 103276648 108386533 108778079 109017259 110664141 113172509 116517060 118656359 120556900 121807023 122852865 129788275 130487988 130560623 131434194 136170400 137103792 138257344 140845120 ...
  actionType=0 isPlayer=True  value=-0.8580
  policy[:16]=[62.0, 0.0, 0.0, 0.0, 0.0, 0.0, 0.0, 0.0, 0.0, 0.0, 0.0, 0.0, 0.0, 0.0, 0.0, 0.0]

State[29]: 4677551 6265137 7081581 7916232 8930596 9257887 9762961 10397476 10433697 11960676 14481795 15114750 15808742 16112745 16278220 19522913 19919652 20006855 23435764 24486564 25201625 25239348 25561423 27917781 28540819 28590183 30782066 30820740 32140814 32317024 32909350 33734692 37796870 39888798 40137661 40798786 42640327 43671368 43713307 52454277 54816155 54820091 54908068 57534324 57598381 62206675 62348808 62427102 65341046 66103183 68052188 68275180 69782249 70514988 71087285 72819559 72986543 73611033 75295001 76335835 77344184 81223084 81536514 82973834 83668561 85157040 88758587 89567131 89970412 92985130 95054430 95419470 97756486 97934105 98198303 99617128 100922656 101424533 103276648 108386533 108778079 109017259 110664141 113172509 116517060 118656359 120556900 121807023 122852865 129788275 130487988 130560623 131434194 136170400 137103792 138257344 ...
  actionType=0 isPlayer=True  value=-0.8772
  policy[:16]=[32.0, 0.0, 0.0, 0.0, 0.0, 0.0, 0.0, 0.0, 0.0, 0.0, 0.0, 0.0, 0.0, 0.0, 0.0, 0.0]


=== GEN 3 DATASET_STATS 2026-10-05T02:56:00.928294 ===
[load] data/UWTempo/ver0/testing
[stats] samples=17714
[stats] unique active raw feature indices =17319
[info] loaded feature vocab from checkpoint: 4785 rows
[stats] unique active feature indices in checkpoint vocab =4408
[stats] unique active feature indices after local ignore =3859
[stats] aggregated samples=17714 (pA=5339, pB=0, t=1419, b=867)

Top 50 most occurring feature indices:
  1. idx=25201625    count=17714
  2. idx=1180808003  count=17713
  3. idx=1986511081  count=17711
  4. idx=1553864449  count=17709
  5. idx=1120735673  count=17708
  6. idx=712632841   count=17705
  7. idx=1853908098  count=17702
  8. idx=897048270   count=17701
  9. idx=1841891679  count=17697
 10. idx=1083634318  count=17696
 11. idx=562810265   count=17695
 12. idx=709654877   count=17693
 13. idx=1403637108  count=17689
 14. idx=1845719655  count=17687
 15. idx=509171120   count=17685
 16. idx=1569162904  count=17683
 17. idx=25239348    count=17677
 18. idx=1145700954  count=17669
 19. idx=1226690635  count=17667
 20. idx=2128751372  count=17653
 21. idx=1703333636  count=17635
 22. idx=92985130    count=17632
 23. idx=158531961   count=17632
 24. idx=24486564    count=17629
 25. idx=1492725111  count=17628
 26. idx=1065650504  count=17625
 27. idx=488893574   count=17621
 28. idx=1408436390  count=17619
 29. idx=20006855    count=17602
 30. idx=872579612   count=17602
 31. idx=1716680109  count=17602
 32. idx=1190719792  count=17588
 33. idx=292685944   count=17583
 34. idx=689970337   count=17571
 35. idx=1059155065  count=17567
 36. idx=327593765   count=17561
 37. idx=1697835508  count=17543
 38. idx=280477302   count=17537
 39. idx=1130476223  count=17525
 40. idx=269604735   count=17522
 41. idx=1220955862  count=17480
 42. idx=1434068601  count=17470
 43. idx=1781554642  count=17446
 44. idx=82973834    count=17442
 45. idx=299482351   count=17430
 46. idx=993238424   count=17416
 47. idx=1317219194  count=17409
 48. idx=1922672219  count=17406
 49. idx=508037855   count=17402
 50. idx=946250207   count=17390

=== Preview ===
State[0]: 4677551 6237123 7197842 7916232 8930596 9762961 10433697 11960676 15114750 19028764 20006855 23435764 24486564 25201625 25239348 25299197 28540819 28590183 30782066 30820740 32140814 37796870 40798786 43671368 52454277 54908068 55400619 57534324 57598381 60066325 62206675 65341046 65676120 66103183 68275180 71087285 71506728 72059583 72819559 73611033 76335835 81536514 82973834 85157040 88758587 89567131 92985130 95054430 95186633 97756486 97832964 99374740 99617128 100751408 101424533 103276648 106065405 108386533 109017259 112193691 116517060 117009879 120556900 121807023 130487988 131434194 134183603 135376535 137361379 144718109 145682642 146975547 149166732 149738494 151196389 151640384 152235937 152410594 158001544 158114270 158531961 160959159 163366261 163959315 164734693 170490722 176116835 177276388 179063798 187947861 188659523 192941518 193256427 193993319 203011655 209349923 ...
  actionType=5 isPlayer=True  value=-0.5272
  policy[:16]=[26.0, 30.0, 0.0, 0.0, 0.0, 0.0, 0.0, 0.0, 0.0, 0.0, 0.0, 0.0, 0.0, 0.0, 0.0, 0.0]

State[1]: 4677551 6237123 7197842 7916232 8930596 9762961 10433697 11960676 15114750 19028764 20006855 23435764 24486564 25201625 25239348 25299197 28540819 28590183 30782066 30820740 32140814 37796870 40798786 43671368 52454277 54908068 55400619 57534324 57598381 60066325 62206675 65341046 65676120 66103183 68275180 71087285 71506728 72059583 72819559 73611033 76335835 81536514 82973834 85157040 88758587 89567131 92985130 95054430 95186633 97756486 97832964 99374740 99617128 100751408 101424533 103276648 106065405 108386533 109017259 112193691 116517060 117009879 120556900 121807023 130487988 131434194 134183603 135376535 137361379 144718109 145682642 146975547 149166732 149738494 151196389 151640384 152235937 152410594 158001544 158114270 158531961 160959159 163366261 163959315 164734693 170490722 176116835 177276388 179063798 187947861 188659523 192941518 193256427 193993319 203011655 209349923 ...
  actionType=0 isPlayer=True  value=-0.5589
  policy[:16]=[92.0, 0.0, 0.0, 0.0, 0.0, 0.0, 0.0, 0.0, 0.0, 0.0, 0.0, 0.0, 0.0, 0.0, 0.0, 0.0]

State[2]: 3171569 4677551 6237123 7197842 7916232 8930596 9762961 10433697 11960676 15114750 17028427 19028764 20006855 23435764 24486564 25201625 25239348 25299197 28540819 28590183 30782066 30820740 32140814 37796870 40798786 43671368 52454277 54908068 55400619 57534324 57598381 60066325 62206675 65341046 65676120 66103183 68275180 71087285 71506728 72059583 72819559 73611033 76335835 81536514 82973834 85157040 88758587 89567131 92985130 95054430 95186633 95709476 97756486 99617128 100751408 101424533 101472299 103276648 106065405 108386533 109017259 109549026 112193691 113172509 116517060 117009879 120556900 121807023 122852865 128239516 130487988 131434194 134183603 135376535 137361379 141571076 143943888 144718109 145682642 146975547 149166732 149738494 151196389 151640384 152235937 152410594 158001544 158114270 158531961 160959159 163366261 163959315 164734693 170490722 176116835 177276388 ...
  actionType=0 isPlayer=True  value=-0.5931
  policy[:16]=[136.0, 0.0, 0.0, 0.0, 0.0, 0.0, 0.0, 0.0, 0.0, 0.0, 0.0, 0.0, 0.0, 0.0, 0.0, 0.0]

State[3]: 3171569 4677551 6237123 7197842 7916232 8930596 9762961 10433697 11960676 15114750 17028427 19028764 20006855 23435764 24486564 25201625 25239348 25299197 28540819 28590183 30782066 30820740 32140814 37796870 40798786 43671368 52454277 54908068 55400619 57534324 57598381 60066325 62206675 65341046 65676120 66103183 68275180 71087285 71506728 72059583 72819559 73611033 76335835 81536514 82973834 85157040 88758587 89567131 92985130 95054430 95186633 95709476 97756486 99617128 100751408 101424533 101472299 103276648 106065405 108386533 109017259 109549026 112193691 113172509 116517060 117009879 120556900 121807023 122852865 128239516 130487988 131434194 134183603 135376535 137361379 141571076 143943888 144718109 145682642 146975547 149166732 149738494 151196389 151640384 152235937 152410594 158001544 158114270 158531961 160959159 163366261 163959315 164734693 170490722 176116835 177276388 ...
  actionType=0 isPlayer=True  value=-0.6171
  policy[:16]=[192.0, 0.0, 0.0, 0.0, 0.0, 0.0, 0.0, 0.0, 0.0, 0.0, 0.0, 0.0, 0.0, 0.0, 0.0, 0.0]

State[4]: 3171569 4677551 6237123 7197842 7916232 8930596 9762961 10433697 11960676 15114750 17028427 19028764 20006855 23435764 23843616 24486564 25146006 25201625 25239348 25299197 28540819 28590183 30782066 30820740 32140814 33734692 37796870 40798786 43671368 52454277 54908068 55400619 57534324 57598381 60066325 62206675 65341046 65676120 66103183 68275180 71087285 71506728 72059583 72819559 73611033 76335835 81536514 82973834 85157040 88758587 89567131 92985130 95054430 95186633 95709476 97756486 99617128 100751408 101424533 101472299 103276648 106065405 108386533 109017259 109549026 112193691 113172509 116517060 117009879 120556900 121807023 122852865 128239516 130487988 131434194 134183603 135376535 137361379 141571076 143943888 144718109 145682642 146975547 149166732 149738494 151196389 151640384 152235937 152410594 158001544 158114270 158531961 160959159 161820691 163366261 163959315 ...
  actionType=0 isPlayer=True  value=-0.6402
  policy[:16]=[243.0, 0.0, 0.0, 0.0, 0.0, 0.0, 0.0, 0.0, 0.0, 0.0, 0.0, 0.0, 0.0, 0.0, 0.0, 0.0]

State[5]: 3171569 4677551 6237123 7197842 7916232 8930596 9762961 10433697 11960676 15114750 17028427 19028764 20006855 23435764 23843616 24486564 25146006 25201625 25239348 25299197 28540819 28590183 30782066 30820740 32140814 33734692 37796870 40798786 43671368 52454277 54908068 55400619 57534324 57598381 60066325 62206675 65341046 65676120 66103183 68275180 71087285 71506728 72059583 72819559 73611033 76335835 81536514 82973834 85157040 88758587 89567131 92985130 95054430 95186633 95709476 97756486 99617128 100751408 101424533 101472299 103276648 106065405 108386533 109017259 109549026 112193691 113172509 116517060 117009879 120556900 121807023 122852865 128239516 130487988 131434194 134183603 135376535 137361379 141571076 143943888 144718109 145682642 146975547 149166732 149738494 151196389 151640384 152235937 152410594 158001544 158114270 158531961 160959159 161820691 163366261 163959315 ...
  actionType=0 isPlayer=True  value=-0.6635
  policy[:16]=[284.0, 0.0, 0.0, 0.0, 0.0, 0.0, 0.0, 0.0, 0.0, 0.0, 0.0, 0.0, 0.0, 0.0, 0.0, 0.0]

State[6]: 3171569 4677551 6237123 7197842 7916232 8930596 9762961 10433697 11960676 15114750 17028427 19028764 20006855 23435764 23843616 24486564 25146006 25201625 25239348 25299197 28540819 28590183 30782066 30820740 32140814 33734692 37796870 40798786 43671368 52454277 54908068 55400619 57534324 57598381 60066325 62206675 65341046 65676120 66103183 68275180 71087285 71506728 72059583 72819559 73611033 76335835 81536514 82973834 85157040 88758587 89567131 92985130 95054430 95186633 95709476 97756486 99617128 100751408 101424533 101472299 103276648 106065405 108386533 109017259 109549026 112193691 113172509 116517060 117009879 120556900 121807023 122852865 128239516 130487988 131434194 134183603 135376535 137361379 141571076 143943888 144718109 145682642 146975547 149166732 149738494 151196389 151640384 152235937 152410594 158001544 158114270 158531961 160959159 161820691 163366261 163959315 ...
  actionType=3 isPlayer=True  value=-0.6861
  policy[:16]=[0.0, 46.0, 0.0, 45.0, 0.0, 46.0, 0.0, 0.0, 0.0, 0.0, 0.0, 0.0, 0.0, 51.0, 0.0, 50.0]

State[7]: 3171569 4677551 6237123 6265137 7197842 7916232 8930596 9762961 10433697 11960676 15114750 17028427 19028764 20006855 21234343 23435764 24486564 25201625 25239348 25299197 25561423 28540819 28590183 30782066 30820740 32140814 37796870 40798786 43671368 43713307 48497445 52454277 54908068 55400619 57534324 57598381 60066325 62206675 65341046 65676120 66103183 68189596 68275180 71087285 71506728 72059583 72819559 73611033 76335835 81536514 82973834 85157040 88758587 89567131 92985130 95054430 95186633 95709476 97756486 99617128 100751408 101424533 101472299 103135431 103276648 104380622 106065405 107408194 108386533 109017259 109549026 113172509 114107319 116517060 117009879 120556900 121807023 122852865 128239516 130487988 131434194 134183603 135376535 137361379 141571076 143943888 144718109 145682642 146975547 149166732 149738494 151196389 151640384 152235937 152410594 158001544 ...
  actionType=0 isPlayer=True  value=-0.7091
  policy[:16]=[94.0, 0.0, 0.0, 0.0, 0.0, 0.0, 0.0, 0.0, 0.0, 0.0, 0.0, 0.0, 0.0, 0.0, 0.0, 0.0]

State[8]: 3171569 4677551 6237123 6265137 7197842 7916232 8930596 9762961 10433697 11960676 15114750 17028427 19028764 20006855 21234343 23435764 24486564 25201625 25239348 25299197 25561423 28540819 28590183 30782066 30820740 32140814 37796870 40798786 43671368 43713307 48497445 52454277 54908068 55400619 57534324 57598381 60066325 62206675 65341046 65676120 66103183 68189596 68275180 71087285 71506728 72059583 72819559 73611033 76335835 81536514 82973834 85157040 88758587 89567131 92985130 95054430 95186633 95709476 97756486 99617128 100751408 101424533 101472299 103135431 103276648 104380622 106065405 107408194 108386533 109017259 109549026 113172509 114107319 116517060 117009879 120556900 121807023 122852865 128239516 130487988 131434194 134183603 135376535 137361379 141571076 143943888 144718109 145682642 146975547 149166732 149738494 151196389 151640384 152235937 152410594 158001544 ...
  actionType=0 isPlayer=True  value=-0.7250
  policy[:16]=[122.0, 0.0, 0.0, 0.0, 0.0, 0.0, 0.0, 0.0, 0.0, 0.0, 0.0, 0.0, 0.0, 0.0, 0.0, 0.0]

State[9]: 3171569 4677551 6237123 6265137 7197842 7916232 8930596 9762961 10433697 11960676 15114750 17028427 19028764 20006855 21234343 23435764 24486564 25201625 25239348 25299197 25561423 28540819 28590183 30782066 30820740 32140814 37796870 40798786 43671368 43713307 48497445 52454277 54908068 55400619 57534324 57598381 60066325 62206675 65341046 65676120 66103183 68189596 68275180 71087285 71506728 72059583 72819559 73611033 76335835 81536514 82973834 85157040 88758587 89567131 92985130 95054430 95186633 95709476 97756486 99617128 100751408 101424533 101472299 103135431 103276648 104380622 106065405 107408194 108386533 109017259 109549026 113172509 114107319 116517060 117009879 120556900 121807023 122852865 128239516 130487988 131434194 134183603 135376535 137361379 141571076 143943888 144718109 145682642 146975547 149166732 149738494 151196389 151640384 152235937 152410594 158001544 ...
  actionType=0 isPlayer=True  value=-0.7384
  policy[:16]=[163.0, 0.0, 0.0, 0.0, 0.0, 0.0, 0.0, 0.0, 0.0, 0.0, 0.0, 0.0, 0.0, 0.0, 0.0, 0.0]

State[10]: 3171569 4677551 6237123 6265137 7197842 7916232 8930596 9762961 10433697 11960676 15114750 17028427 19028764 20006855 21234343 23435764 24486564 25201625 25239348 25299197 25561423 28540819 28590183 30782066 30820740 32140814 37796870 40798786 43671368 43713307 48497445 52454277 54908068 55400619 57534324 57598381 60066325 62206675 62348808 65341046 65676120 66103183 68189596 68275180 71087285 71506728 72059583 72819559 73611033 76335835 81536514 82973834 85157040 88758587 89567131 92985130 95054430 95186633 95709476 97756486 99617128 100751408 101424533 101472299 103135431 103276648 104380622 106065405 107408194 108386533 109017259 109549026 113172509 114107319 116517060 117009879 118656359 120556900 121807023 122852865 128239516 130487988 131434194 134183603 135376535 137361379 141571076 143943888 144718109 145682642 146975547 149166732 149738494 151196389 151640384 152235937 ...
  actionType=0 isPlayer=True  value=-0.7510
  policy[:16]=[221.0, 0.0, 0.0, 0.0, 0.0, 0.0, 0.0, 0.0, 0.0, 0.0, 0.0, 0.0, 0.0, 0.0, 0.0, 0.0]

State[11]: 3171569 4677551 6237123 6265137 7197842 7916232 8930596 9762961 10433697 11960676 15114750 17028427 19028764 20006855 21234343 23435764 24486564 25201625 25239348 25299197 25561423 28540819 28590183 30782066 30820740 32140814 37796870 40798786 43671368 43713307 48497445 52454277 54908068 55400619 57534324 57598381 60066325 62206675 62348808 65341046 65676120 66103183 68189596 68275180 71087285 71506728 72059583 72819559 73611033 76335835 81536514 82973834 85157040 88758587 89567131 92985130 95054430 95186633 95709476 97756486 99617128 100751408 101424533 101472299 103135431 103276648 104380622 106065405 107408194 108386533 109017259 109549026 113172509 114107319 116517060 117009879 118656359 120556900 121807023 122852865 128239516 130487988 131434194 134183603 135376535 137361379 141571076 143943888 144718109 145682642 146975547 149166732 149738494 151196389 151640384 152235937 ...
  actionType=0 isPlayer=True  value=-0.7633
  policy[:16]=[274.0, 0.0, 0.0, 0.0, 0.0, 0.0, 0.0, 0.0, 0.0, 0.0, 0.0, 0.0, 0.0, 0.0, 0.0, 0.0]

State[12]: 3171569 4677551 6237123 6265137 7197842 7916232 8930596 9762961 10433697 11960676 15114750 17028427 19028764 20006855 21234343 23435764 24486564 25201625 25239348 25299197 25561423 28540819 28590183 30782066 30820740 32140814 37796870 40798786 43671368 43713307 48497445 52454277 54908068 55400619 57534324 57598381 60066325 62206675 62348808 65341046 65676120 66103183 68189596 68275180 71087285 71506728 72059583 72819559 73611033 76335835 81536514 82973834 85157040 88758587 89567131 92985130 95054430 95186633 95709476 97756486 99617128 100751408 101424533 101472299 103135431 103276648 104380622 106065405 107408194 108386533 109017259 109549026 113172509 114107319 116517060 117009879 118656359 120556900 121807023 122852865 128239516 130487988 131434194 134183603 135376535 137361379 141571076 143943888 144718109 145682642 146975547 149166732 149738494 151196389 151640384 152235937 ...
  actionType=3 isPlayer=True  value=-0.7753
  policy[:16]=[0.0, 42.0, 0.0, 46.0, 0.0, 42.0, 0.0, 0.0, 0.0, 0.0, 0.0, 0.0, 0.0, 0.0, 0.0, 55.0]

State[13]: 3171569 4677551 6237123 6265137 7197842 7916232 8930596 9762961 10433697 11960676 15114750 17028427 20006855 23435764 24486564 25201625 25239348 25299197 25561423 28540819 28590183 30782066 30820740 32140814 37796870 40798786 43671368 43713307 48497445 52454277 54908068 57534324 57598381 60066325 62206675 62348808 65341046 65676120 66103183 68189596 68275180 71087285 71506728 72059583 72819559 73611033 76335835 81536514 82973834 85157040 88758587 89567131 92985130 95054430 95186633 95709476 97756486 97832964 99617128 101424533 101472299 103135431 103276648 104380622 106065405 107408194 108386533 108534553 109017259 109549026 113172509 114107319 116517060 117009879 118656359 120556900 121807023 122852865 128239516 130487988 131434194 134183603 135376535 137361379 141571076 143943888 144718109 145682642 146975547 149166732 149738494 151196389 151640384 152235937 152410594 158001544 ...
  actionType=0 isPlayer=True  value=-0.7873
  policy[:16]=[17.0, 0.0, 0.0, 0.0, 0.0, 0.0, 0.0, 0.0, 0.0, 0.0, 0.0, 0.0, 0.0, 0.0, 0.0, 0.0]

State[14]: 3171569 4677551 6237123 6265137 7197842 7916232 8930596 9762961 10433697 11960676 15114750 17028427 20006855 23435764 24486564 25201625 25239348 25299197 25561423 28540819 28590183 30782066 30820740 32140814 37796870 40798786 43671368 43713307 48497445 52454277 54908068 57534324 57598381 60066325 62206675 62348808 65341046 65676120 66103183 68189596 68275180 71087285 71506728 72059583 72819559 73611033 76335835 81536514 82973834 85157040 88758587 89567131 92985130 95054430 95186633 95709476 97756486 97832964 99617128 101424533 101472299 103135431 103276648 104380622 106065405 107408194 108386533 108534553 109017259 109549026 113172509 114107319 116517060 117009879 118656359 120556900 121807023 122852865 128239516 130487988 131434194 134183603 135376535 137361379 141571076 143943888 144718109 145682642 146975547 149166732 149738494 151196389 151640384 152235937 152410594 158001544 ...
  actionType=0 isPlayer=True  value=-0.7976
  policy[:16]=[9.0, 0.0, 0.0, 0.0, 0.0, 0.0, 0.0, 0.0, 0.0, 0.0, 0.0, 0.0, 0.0, 0.0, 0.0, 0.0]

State[15]: 3171569 4677551 6237123 6265137 7197842 7916232 8930596 9762961 10433697 11960676 15114750 17028427 20006855 23435764 24486564 25201625 25239348 25299197 25561423 28540819 28590183 30782066 30820740 32140814 37796870 40798786 43671368 43713307 48497445 52454277 54908068 57534324 57598381 60066325 62206675 62348808 65341046 65676120 66103183 68189596 68275180 71087285 71506728 72059583 72819559 73611033 76335835 81536514 82973834 85157040 88758587 89567131 92985130 95054430 95186633 95709476 97756486 97832964 99617128 101424533 101472299 103135431 103276648 104380622 106065405 107408194 108386533 108534553 109017259 109549026 113172509 114107319 116517060 117009879 118656359 120556900 121807023 122852865 128239516 130487988 131434194 134183603 135376535 137361379 141571076 143943888 144718109 145682642 146975547 149166732 149738494 151196389 151640384 152235937 152410594 158001544 ...
  actionType=0 isPlayer=True  value=-0.8069
  policy[:16]=[33.0, 0.0, 0.0, 0.0, 0.0, 0.0, 0.0, 0.0, 0.0, 0.0, 0.0, 0.0, 0.0, 0.0, 0.0, 0.0]

State[16]: 3171569 4677551 6237123 6265137 7197842 7916232 9762961 10433697 11960676 15114750 17028427 20006855 20287221 23435764 24486564 25201625 25239348 25299197 25561423 28540819 28590183 30782066 30820740 32140814 33734692 37796870 40798786 43671368 43713307 48497445 52454277 54908068 57534324 57598381 60066325 62206675 62348808 65341046 65676120 66103183 68189596 68275180 70514988 71087285 71506728 72059583 72819559 73611033 76335835 80278790 81536514 82973834 85157040 88758587 89567131 92985130 95054430 95186633 95709476 97756486 97832964 99617128 101424533 101472299 103135431 103276648 104380622 106065405 107408194 108386533 108534553 109017259 109549026 113172509 114107319 116517060 117009879 118656359 120556900 122852865 128239516 130487988 131434194 134183603 135376535 137361379 141571076 143943888 144718109 145682642 146975547 149166732 149738494 151196389 151640384 152235937 ...
  actionType=0 isPlayer=True  value=-0.8210
  policy[:16]=[78.0, 0.0, 0.0, 0.0, 0.0, 0.0, 0.0, 0.0, 0.0, 0.0, 0.0, 0.0, 0.0, 0.0, 0.0, 0.0]

State[17]: 3171569 4677551 6237123 6265137 7197842 7916232 9762961 10433697 11960676 15114750 17028427 20006855 20287221 23435764 24486564 25201625 25239348 25299197 25561423 28540819 28590183 30782066 30820740 32140814 33734692 37796870 40798786 43671368 43713307 48497445 52454277 54908068 57534324 57598381 60066325 62206675 62348808 65341046 65676120 66103183 68189596 68275180 70514988 71087285 71506728 72059583 72819559 73611033 76335835 80278790 81536514 82973834 85157040 88758587 89567131 92985130 95054430 95186633 95709476 97756486 97832964 99617128 101424533 101472299 103135431 103276648 104380622 106065405 107408194 108386533 108534553 109017259 109549026 113172509 114107319 116517060 117009879 118656359 120556900 122852865 128239516 130487988 131434194 134183603 135376535 137361379 141571076 143943888 144718109 145682642 146975547 149166732 149738494 151196389 151640384 152235937 ...
  actionType=0 isPlayer=True  value=-0.8381
  policy[:16]=[121.0, 0.0, 0.0, 0.0, 0.0, 0.0, 0.0, 0.0, 0.0, 0.0, 0.0, 0.0, 0.0, 0.0, 0.0, 0.0]

State[18]: 3171569 4677551 6237123 6265137 7197842 7916232 9762961 10433697 11960676 15114750 17028427 20006855 20287221 23435764 24486564 25201625 25239348 25299197 25561423 28540819 28590183 30782066 30820740 32140814 33734692 37796870 40798786 43671368 43713307 48497445 52454277 54908068 57534324 57598381 60066325 62206675 62348808 65341046 65676120 66103183 68189596 68275180 70514988 71087285 71506728 72059583 72819559 73611033 76335835 80278790 81536514 82973834 85157040 88758587 89567131 92985130 95054430 95186633 95709476 97756486 97832964 99617128 101424533 101472299 103135431 103276648 104380622 106065405 107408194 108386533 108534553 109017259 109549026 113172509 114107319 116517060 117009879 118656359 120556900 122852865 128239516 130487988 131434194 134183603 135376535 137361379 141571076 143943888 144718109 145682642 146975547 149166732 149738494 151196389 151640384 152235937 ...
  actionType=3 isPlayer=True  value=-0.8551
  policy[:16]=[0.0, 21.0, 0.0, 21.0, 0.0, 21.0, 0.0, 0.0, 0.0, 0.0, 0.0, 0.0, 0.0, 0.0, 0.0, 22.0]

State[19]: 3171569 4677551 6237123 6265137 7197842 7916232 9762961 10433697 11378849 11960676 15114750 17028427 20006855 20287221 21234343 23435764 24486564 25201625 25239348 25299197 25561423 27720791 28540819 28590183 30820740 32140814 33734692 37796870 40798786 43671368 43713307 48497445 52454277 55400619 57534324 57598381 60066325 62206675 62348808 65341046 65676120 66103183 66162083 68189596 68275180 70514988 71087285 71506728 72059583 72819559 73611033 76335835 77691219 80236921 80278790 82973834 85157040 88758587 89567131 92985130 95054430 95709476 97756486 97832964 99617128 100751408 101424533 101472299 103135431 103276648 104380622 106065405 107408194 108386533 108534553 109017259 109549026 111007073 113172509 114107319 116517060 118656359 120556900 122852865 128239516 130487988 131434194 137361379 138501287 141571076 143943888 144718109 145682642 146975547 149166732 149738494 ...
  actionType=0 isPlayer=True  value=-0.8717
  policy[:16]=[30.0, 0.0, 0.0, 0.0, 0.0, 0.0, 0.0, 0.0, 0.0, 0.0, 0.0, 0.0, 0.0, 0.0, 0.0, 0.0]

State[20]: 3171569 4677551 6237123 6265137 7197842 7916232 9762961 10433697 11378849 11960676 15114750 17028427 20006855 20287221 21234343 23435764 24486564 25201625 25239348 25299197 25561423 27720791 28540819 28590183 30820740 32140814 33734692 37796870 40798786 43671368 43713307 48497445 52454277 55400619 57534324 57598381 60066325 62206675 62348808 65341046 65676120 66103183 66162083 68189596 68275180 70514988 71087285 71506728 72059583 72819559 73611033 76335835 77691219 80236921 80278790 82973834 85157040 88758587 89567131 92985130 95054430 95709476 97756486 97832964 99617128 100751408 101424533 101472299 103135431 103276648 104380622 106065405 107408194 108386533 108534553 109017259 109549026 111007073 113172509 114107319 116517060 118656359 120556900 122852865 128239516 130487988 131434194 137361379 138501287 141571076 143943888 144718109 145682642 146975547 149166732 149738494 ...
  actionType=0 isPlayer=True  value=-0.8848
  policy[:16]=[13.0, 0.0, 0.0, 0.0, 0.0, 0.0, 0.0, 0.0, 0.0, 0.0, 0.0, 0.0, 0.0, 0.0, 0.0, 0.0]

State[21]: 3171569 4677551 6237123 6265137 7197842 7916232 9762961 10433697 11378849 11960676 15114750 17028427 20006855 20287221 21234343 23435764 24486564 25201625 25239348 25299197 25561423 27720791 28540819 28590183 30820740 32140814 33734692 37796870 40798786 43671368 43713307 48497445 52454277 55400619 57534324 57598381 60066325 62206675 62348808 65341046 65676120 66103183 66162083 68189596 68275180 70514988 71087285 71506728 72059583 72819559 73611033 76335835 77691219 80236921 80278790 82973834 85157040 88758587 89567131 92985130 95054430 95709476 97756486 97832964 99617128 100751408 101424533 101472299 103135431 103276648 104380622 106065405 107408194 108386533 108534553 109017259 109549026 111007073 113172509 114107319 116517060 118656359 120556900 122852865 128239516 130487988 131434194 137361379 138501287 141571076 143943888 144718109 145682642 146975547 149166732 149738494 ...
  actionType=0 isPlayer=True  value=-0.8933
  policy[:16]=[36.0, 0.0, 0.0, 0.0, 0.0, 0.0, 0.0, 0.0, 0.0, 0.0, 0.0, 0.0, 0.0, 0.0, 0.0, 0.0]

State[22]: 3171569 4677551 6237123 6265137 7197842 7916232 9762961 10433697 11378849 11960676 15114750 17028427 20006855 20287221 21234343 23435764 24486564 25201625 25239348 25299197 25561423 27720791 28540819 28590183 30820740 32140814 33734692 37796870 40798786 43671368 43713307 48497445 52454277 54908068 55400619 57534324 57598381 60066325 62206675 62348808 65341046 65676120 66103183 66162083 68189596 68275180 70514988 71087285 71506728 72059583 72819559 73611033 76335835 77691219 80236921 80278790 82973834 85157040 88758587 89567131 92985130 95054430 95709476 97832964 99617128 100751408 101424533 101472299 103135431 103276648 104380622 106065405 107408194 108386533 108534553 109017259 109549026 111007073 113172509 114107319 116517060 118656359 120556900 122852865 128239516 130487988 131434194 137103792 137361379 138501287 141571076 143943888 144718109 145682642 146975547 149166732 ...
  actionType=0 isPlayer=True  value=-0.9017
  policy[:16]=[53.0, 0.0, 0.0, 0.0, 0.0, 0.0, 0.0, 0.0, 0.0, 0.0, 0.0, 0.0, 0.0, 0.0, 0.0, 0.0]

State[23]: 3171569 4677551 6237123 6265137 7197842 7916232 9762961 10433697 11378849 11960676 15114750 17028427 20006855 20287221 21234343 23435764 24486564 25201625 25239348 25299197 25561423 27720791 28540819 28590183 30820740 32140814 33734692 37796870 40798786 43671368 43713307 48497445 52454277 54908068 55400619 57534324 57598381 60066325 62206675 62348808 65341046 65676120 66103183 66162083 68189596 68275180 70514988 71087285 71506728 72059583 72819559 73611033 76335835 77691219 80236921 80278790 82973834 85157040 88758587 89567131 92985130 95054430 95709476 97832964 99617128 100751408 101424533 101472299 103135431 103276648 104380622 106065405 107408194 108386533 108534553 109017259 109549026 111007073 113172509 114107319 116517060 118656359 120556900 122852865 128239516 130487988 131434194 137103792 137361379 138501287 141571076 143943888 144718109 145682642 146975547 149166732 ...
  actionType=0 isPlayer=True  value=-0.9109
  policy[:16]=[77.0, 0.0, 0.0, 0.0, 0.0, 0.0, 0.0, 0.0, 0.0, 0.0, 0.0, 0.0, 0.0, 0.0, 0.0, 0.0]

State[24]: 3171569 4677551 6237123 6265137 7197842 7916232 9762961 10433697 11378849 11960676 15114750 17028427 20006855 20287221 21234343 23435764 24486564 25201625 25239348 25299197 25561423 27720791 28540819 28590183 30820740 32140814 33734692 37796870 40798786 43671368 43713307 48497445 52454277 54908068 55400619 57534324 57598381 60066325 62206675 62348808 65341046 65676120 66103183 66162083 68189596 68275180 70514988 71087285 71506728 72059583 72819559 73611033 76335835 77691219 80236921 80278790 82973834 85157040 88758587 89567131 92985130 95054430 95709476 97832964 99617128 100751408 101424533 101472299 103135431 103276648 104380622 106065405 107408194 108386533 108534553 109017259 109549026 111007073 113172509 114107319 116517060 118656359 120556900 122852865 128239516 130487988 131434194 137103792 137361379 138501287 141571076 143943888 144718109 145682642 146975547 149166732 ...
  actionType=3 isPlayer=True  value=-0.9205
  policy[:16]=[0.0, 13.0, 0.0, 0.0, 0.0, 13.0, 0.0, 0.0, 0.0, 0.0, 0.0, 0.0, 0.0, 0.0, 0.0, 15.0]

State[25]: 3171569 4677551 6237123 6265137 7197842 7916232 9762961 10433697 11378849 11960676 15114750 15808742 17028427 20006855 20287221 22018519 23435764 24486564 25201625 25239348 25299197 25561423 27720791 28540819 28590183 30820740 32140814 33734692 37796870 40798786 43671368 43713307 48497445 52454277 54908068 57534324 57598381 60066325 62206675 62348808 65341046 65676120 66103183 66162083 68189596 68275180 70514988 71087285 71506728 72059583 72819559 73611033 76335835 77691219 80236921 82973834 85157040 88758587 89567131 92985130 95054430 95709476 97832964 99617128 101424533 101472299 103135431 103276648 104380622 106065405 107408194 108386533 108534553 109017259 109549026 111007073 113172509 114107319 116517060 118656359 120556900 122852865 128239516 130487988 131434194 137103792 137361379 138501287 141571076 143943888 144718109 145682642 146975547 149166732 149738494 151196389 ...
  actionType=0 isPlayer=True  value=-0.9304
  policy[:16]=[9.0, 0.0, 0.0, 0.0, 0.0, 0.0, 0.0, 0.0, 0.0, 0.0, 0.0, 0.0, 0.0, 0.0, 0.0, 0.0]

State[26]: 3171569 4677551 6237123 6265137 7197842 7916232 9762961 10433697 11378849 11960676 15114750 15808742 17028427 20006855 20287221 22018519 23435764 24486564 25201625 25239348 25299197 25561423 27720791 28540819 28590183 30820740 32140814 33734692 37796870 40798786 43671368 43713307 48497445 52454277 54908068 57534324 57598381 60066325 62206675 62348808 65341046 65676120 66103183 66162083 68189596 68275180 70514988 71087285 71506728 72059583 72819559 73611033 76335835 77691219 80236921 82973834 85157040 88758587 89567131 92985130 95054430 95709476 97832964 99617128 101424533 101472299 103135431 103276648 104380622 106065405 107408194 108386533 108534553 109017259 109549026 111007073 113172509 114107319 116517060 118656359 120556900 122852865 128239516 130487988 131434194 132795055 137103792 137361379 138501287 141571076 143943888 144718109 145682642 146975547 149166732 149738494 ...
  actionType=0 isPlayer=True  value=-0.9381
  policy[:16]=[8.0, 0.0, 0.0, 0.0, 0.0, 0.0, 0.0, 0.0, 0.0, 0.0, 0.0, 0.0, 0.0, 0.0, 0.0, 0.0]

State[27]: 3171569 4677551 6237123 6265137 7197842 7916232 9762961 10433697 11378849 11960676 15114750 15808742 17028427 20006855 20287221 22018519 23435764 24486564 25201625 25239348 25299197 25561423 27720791 28540819 28590183 30820740 32140814 33734692 37796870 40798786 43671368 43713307 48497445 52454277 54908068 57534324 57598381 60066325 62206675 62348808 65341046 65676120 66103183 66162083 68189596 68275180 70514988 71087285 71506728 72059583 72819559 73611033 76335835 77691219 80236921 82973834 85157040 88758587 89567131 92985130 95054430 95709476 97832964 99617128 101424533 101472299 103135431 103276648 104380622 106065405 107408194 108386533 108534553 109017259 109549026 111007073 113172509 114107319 116517060 118656359 120556900 122852865 128239516 130487988 131434194 132795055 137103792 137361379 138501287 141571076 143943888 144718109 145682642 146975547 149166732 149738494 ...
  actionType=0 isPlayer=True  value=-0.9465
  policy[:16]=[32.0, 0.0, 0.0, 0.0, 0.0, 0.0, 0.0, 0.0, 0.0, 0.0, 0.0, 0.0, 0.0, 0.0, 0.0, 0.0]

State[28]: 3171569 4677551 6237123 6265137 7197842 7916232 9762961 10433697 11378849 11960676 15114750 15808742 17028427 20006855 20287221 22018519 23435764 24486564 25201625 25239348 25299197 25561423 27720791 28540819 28590183 30820740 32140814 33734692 37796870 43671368 43713307 48497445 52454277 54908068 57534324 57598381 60066325 62206675 62348808 65341046 65676120 66103183 66162083 68189596 68275180 70514988 71087285 71506728 72059583 72819559 73611033 76335835 77691219 80236921 80278790 82973834 85157040 88758587 89567131 92985130 95054430 95709476 97832964 99617128 101424533 101472299 103135431 103276648 104380622 106065405 107408194 108386533 108534553 109017259 109549026 111007073 113172509 114107319 116517060 118656359 120556900 122852865 128239516 130487988 131434194 132795055 137103792 137361379 138501287 141571076 143943888 144718109 145682642 145957139 146975547 149166732 ...
  actionType=0 isPlayer=True  value=-0.9551
  policy[:16]=[66.0, 0.0, 0.0, 0.0, 0.0, 0.0, 0.0, 0.0, 0.0, 0.0, 0.0, 0.0, 0.0, 0.0, 0.0, 0.0]

State[29]: 3171569 4677551 6237123 6265137 7197842 7916232 9762961 10433697 11378849 11960676 15114750 15808742 17028427 20006855 20287221 22018519 23435764 24486564 25201625 25239348 25299197 25561423 27720791 28540819 28590183 30820740 32140814 33734692 37796870 43671368 43713307 48497445 52454277 54908068 57534324 57598381 60066325 62206675 62348808 65341046 65676120 66103183 66162083 68189596 68275180 70514988 71087285 71506728 72059583 72819559 73611033 76335835 77691219 80236921 80278790 82973834 85157040 88758587 89567131 92985130 95054430 95709476 97832964 99617128 101424533 101472299 103135431 103276648 104380622 106065405 107408194 108386533 108534553 109017259 109549026 111007073 113172509 114107319 116517060 118656359 120556900 122852865 128239516 130487988 131434194 132795055 137103792 137361379 138501287 141571076 143943888 144718109 145682642 145957139 146975547 149166732 ...
  actionType=0 isPlayer=True  value=-0.9655
  policy[:16]=[103.0, 0.0, 0.0, 0.0, 0.0, 0.0, 0.0, 0.0, 0.0, 0.0, 0.0, 0.0, 0.0, 0.0, 0.0, 0.0]

